source_file,video_id,title,description,publishedAt,channelTitle,TaxonName,query,search_type,search_unit,regionCode,geo_id,location,locationRadius,video_url,viewCount,likeCount,commentCount,duration
yt_search_terms_03_REG_videos.csv,video_000803,Distribuição espaço-temporal global de falhas de controle de Phthorimaea absoluta por avermectina,,2025-09-27T00:00:00Z,channel_004370,Phthorimaea_absoluta,Phthorimaea absoluta,REG,PT,PT,,,,[withheld],7,0,0,PT7M41S
yt_search_terms_03_REG_videos.csv,video_000426,TUTA ABSOLUTA: 6 formas de eliminarla de tus tomates.,"La Tuta Absoluta es la plaga más destructiva de los tomates. Esta plaga, concretamente sus larvas, hacen agujeros en los ...",2024-05-18T00:00:00Z,channel_002678,Phthorimaea_absoluta,Tuta absoluta,REG,ES,ES,,,,[withheld],274488,3366,201,PT17M2S
yt_search_terms_03_REG_videos.csv,video_001296,HOW DO YOU STOP TUTA ABSOLUTA I #tomato #eggplant #agriculture,"In this video we will look at what measures we can take against the Tuta Absoluta, or tomato moth as it is known, which does not ...",2022-07-25T00:00:00Z,channel_002052,Phthorimaea_absoluta,Tuta absoluta,REG,PT,PT,,,,[withheld],10694,86,3,PT6M55S
yt_search_terms_03_REG_videos.csv,video_001451,Life cycle of Tuta absoluta (tomato leaf mining moth),"Tuta absoluta is a very harmful leaf mining moth. It occurs on eggplants, sweet peppers as well as potatoes and various other ...",2017-01-04T00:00:00Z,channel_004421,Phthorimaea_absoluta,Tuta absoluta,REG,PT,PT,,,,[withheld],87469,903,27,PT2M52S
yt_search_terms_03_REG_videos.csv,video_001524,Cycle de vie de Tuta absoluta,Tuta Absoluta est un lépidoptère présent en France depuis 2009. Plusieurs solutions de biocontrôle existent pour maîtriser au ...,2022-07-25T00:00:00Z,channel_004425,Phthorimaea_absoluta,Tuta absoluta,REG,PT,PT,,,,[withheld],4238,56,0,PT2M52S
yt_search_terms_03_REG_videos.csv,video_003342,TOMATE: todo sobre la TUTA ABSOLUTA. PLAGAS DEL TOMATE,"EL TOMATE es el rey de nuestros huertos, pero no solo nos gusta a nosotros, descubre todo sobre la TUTA ABSOLUTA una de ...",2013-11-16T00:00:00Z,channel_002618,Phthorimaea_absoluta,Tuta absoluta,REG,ES,ES,,,,[withheld],365793,7517,139,PT9M1S
yt_search_terms_03_REG_videos.csv,video_004684,Tuta Absoluta del tomate,Tuta Absoluta   Aprende a identificarla a tiempo para mantener tus cultivos a salvo! . . . . . . . #tomate #tuta #tutaabsoluta #polilla ...,2025-05-02T00:00:00Z,channel_000370,Phthorimaea_absoluta,Tuta absoluta,REG,PT,PT,,,,[withheld],2366,19,0,PT49S
yt_search_terms_03_REG_videos.csv,video_006282,COMO CULTIVAR TOMATES CON EXITO | CONTROL DE PLAGAS | TUTA ABSOLUTA,Hoy le mostramos cómo controlar la plaga Tuta Absoluta de manera semi orgánica. Descubra estrategias efectivas para ...,2025-01-09T00:00:00Z,channel_000374,Phthorimaea_absoluta,Tuta absoluta,REG,PT,PT,,,,[withheld],2837,39,2,PT4M54S
yt_search_terms_03_REG_videos.csv,video_008029,&quot;¡Hoy hablamos sobre cómo combatir un ataque severo de Tuta Absoluta! 🍅,Conozca estrategias efectivas y semi orgánicas para proteger sus tomates y mantener una producción saludable. ¡No se lo ...,2025-01-09T00:00:00Z,channel_000374,Phthorimaea_absoluta,Tuta absoluta,REG,PT,PT,,,,[withheld],16555,165,5,PT46S
yt_search_terms_03_REG_videos.csv,video_009087,COME ELIMINARE LA TUTA ABSOLUTA DEL POMODORO,Occorre una strategia di difesa per eliminare la tuta absoluta del pomodoro e le varie NOTTUE. Vediamo quali sono BACILLUS ...,2019-08-23T00:00:00Z,channel_005617,Phthorimaea_absoluta,Tuta absoluta,REG,PT,PT,,,,[withheld],223069,5148,204,PT5M37S
yt_search_terms_03_REG_videos.csv,video_009836,¡🍅ASÍ CONTROLAMOS LA TUTA ABSOLUTA EN NUESTROS TOMATES! 🌱,frutastropicales #viralvideo #video #frutastropicales #aguacate #fruticultura #fruticultura #fruit #viralvideos #viralvideo #fruta ...,2024-12-13T00:00:00Z,channel_003202,Phthorimaea_absoluta,Tuta absoluta,REG,ES,ES,,,,[withheld],6730,161,5,PT2M21S
yt_search_terms_03_REG_videos.csv,video_010219,"VYNYTY Tuta Press, innovamos en la gestión de Tuta absoluta en tomate de invernadero","Diego Hernández, Market Development de cultivos de invernadero en Bayer explica todos los detalles de VYNYTY Tuta Press en ...",2023-07-19T00:00:00Z,channel_001135,Phthorimaea_absoluta,Tuta absoluta,REG,PT,PT,,,,[withheld],3258,13,1,PT2M46S
yt_search_terms_03_REG_videos.csv,video_010671,COMO COMBATIR Y LUCHAR CONTRA LA TUTA ABSOLUTA O POLILLA DEL TOMATE,"Video de un cliente satisfecho de su Titan Anti tuta. 100% ecológico, para funcionar solo necesita una corriente eléctrica.",2021-10-27T00:00:00Z,channel_000382,Phthorimaea_absoluta,Tuta absoluta,REG,ES,ES,,,,[withheld],1080,7,1,PT58S
yt_search_terms_03_REG_videos.csv,video_010938,¡ELIMINA LA TUTA ABSOLUTA DEL TOMATE! Guía definitiva: Remedios naturales y control eficaz,Tus tomates están siendo atacados por la Tuta absoluta? ¡Es hora de tomar el control de forma natural! COMPRAR: ...,2026-06-09T00:00:00Z,channel_004565,Phthorimaea_absoluta,Tuta absoluta,REG,PT,PT,,,,[withheld],1954,56,5,PT26M34S
yt_search_terms_03_REG_videos.csv,video_012579,Control biológico frente a la Tuta absoluta,"Con la primavera a la vuelta de la esquina, técnicos y agricultores se preparan para hacer frente a Tuta absoluta con una ...",2021-03-05T00:00:00Z,channel_000306,Phthorimaea_absoluta,Tuta absoluta,REG,ES,ES,,,,[withheld],5383,36,0,PT6M57S
yt_search_terms_03_REG_videos.csv,video_012600,Ciclo de vida de la Tuta absoluta,Ciclo de vida de la Tuta absoluta.,2012-02-15T00:00:00Z,channel_007310,Phthorimaea_absoluta,Tuta absoluta,REG,ES,ES,,,,[withheld],109871,665,14,PT16M54S
yt_search_terms_03_REG_videos.csv,video_012643,Todo sobre la TUTA ABSOLUTA y su desarrollo en el tomate / El huerto de Kevin,"hola amigos y amigas en el vídeo de hoy os enseño todo sobre la TUTA ABSOLUTA, espero que os guste mucho un saludo ...",2021-06-10T00:00:00Z,channel_002670,Phthorimaea_absoluta,Tuta absoluta,REG,ES,ES,,,,[withheld],6062,166,32,PT5M50S
yt_search_terms_03_REG_videos.csv,video_016002,Cómo combatir la Tuta del tomate de forma ecológica - Planeta Huerto,La Tuta Absoluta es uno de los mayores enemigos de las tomateras. Pero no os preocupéis: en este vídeo os explicamos cómo ...,2014-07-01T00:00:00Z,channel_006281,Phthorimaea_absoluta,Tuta absoluta,REG,ES,ES,,,,[withheld],252515,903,28,PT2M25S
yt_search_terms_03_REG_videos.csv,video_016336,How to Manage Tuta Absoluta in Tomatoes – Best Control &amp; Prevention #tomato  #howto #tutaabsoluta,"Tuta absoluta, also known as the tomato leafminer, is one of the most destructive pests affecting tomato crops worldwide. In this ...",2025-03-12T00:00:00Z,channel_000344,Phthorimaea_absoluta,Tuta absoluta,REG,PT,PT,,,,[withheld],3754,37,5,PT28S
yt_search_terms_03_REG_videos.csv,video_004788,Daños de la polilla del tomate,"La polilla del tomate (Tuta absoluta), es una plaga considerada primaria en el cultivo de #tomate en Chile, ya que si esta no es ...",2019-11-15T00:00:00Z,channel_000591,Phthorimaea_absoluta,polilla del tomate,REG,PT,PT,,,,[withheld],78,0,0,PT41S
yt_search_terms_03_REG_videos.csv,video_004854,Como acabar con la polilla del tomate (Tuta Absoluta),Como acabar con la polilla del tomate. Para la lucha contra la polilla del tomate o Tuta Absoluta podemos emplear insecticidas ...,2018-09-19T00:00:00Z,channel_001915,Phthorimaea_absoluta,polilla del tomate,REG,ES,ES,,,,[withheld],78283,919,47,PT7M53S
yt_search_terms_03_REG_videos.csv,video_005234,Controlar la TUTA o Polilla del Tomate!! 🍅,Truco para controlar la tuta o polilla del tomate de una manera efectiva y sin gastar dinero. Elimina a la tuta de tus tomates ...,2023-07-18T00:00:00Z,channel_004529,Phthorimaea_absoluta,polilla del tomate,REG,ES,ES,,,,[withheld],77778,2715,137,PT56S
yt_search_terms_03_REG_videos.csv,video_007832,7.- Plaga Polilla del tomate,Sistema Mateo. Gestión de sanidad vegetal para la innovación en torno del manejo integrado de las principales plagas y ...,2018-10-24T00:00:00Z,channel_003735,Phthorimaea_absoluta,polilla del tomate,REG,ES,ES,,,,[withheld],18012,163,4,PT6M14S
yt_search_terms_03_REG_videos.csv,video_008350,Como Combatir La Oruga Del Tomate o Tuta || Te De Jengibre || La Huertina De Toni,"Como combatir la tuta absoluta o polilla del tomate , esta polilla hace estragos en nuestras solanáceas sobre todo en el tomate, ...",2015-07-16T00:00:00Z,channel_004532,Phthorimaea_absoluta,polilla del tomate,REG,ES,ES,,,,[withheld],212649,5305,301,PT3M40S
yt_search_terms_03_REG_videos.csv,video_008821,PLAGAS:::POLILLA DEL TOMATE,,2015-03-18T00:00:00Z,channel_000355,Phthorimaea_absoluta,polilla del tomate,REG,ES,ES,,,,[withheld],2152,7,1,PT1M41S
yt_search_terms_03_REG_videos.csv,video_009377,Polilla del Tomate o Tuta Absoluta || El Huerto Es Facil,Polilla del Tomate o Tuta Absoluta - La Tuta absoluta o Polilla del Tomate es una plaga del tomate que provoca muchos daños en ...,2013-12-10T00:00:00Z,channel_008579,Phthorimaea_absoluta,polilla del tomate,REG,PT,PT,,,,[withheld],44052,387,13,PT9M
yt_search_terms_03_REG_videos.csv,video_010528,Combate la Tuta Absoluta | Polilla del Tomate | Huerto Ecológico,Únete a la Escuela del Canal HortiAcademy [link withheld] ➤ En el video de hoy vamos a aprender a ...,2015-08-18T00:00:00Z,channel_004529,Phthorimaea_absoluta,polilla del tomate,REG,ES,ES,,,,[withheld],229227,3621,167,PT8M32S
yt_search_terms_03_REG_videos.csv,video_011066,TUTA ABSOLUTA O POLILLA DEL TOMATE #agricultura #agriculturachilena #plantas #pequeñosagricultores,,2025-09-23T00:00:00Z,channel_000362,Phthorimaea_absoluta,polilla del tomate,REG,ES,ES,,,,[withheld],3059,47,3,PT29S
yt_search_terms_03_REG_videos.csv,video_012787,Como Evitar o Eliminar la TUTA o Polilla del Tomate || El Huerto de Silverio,"Vídeo 67 : Tratamiento súper eficaz ""ecológico"" para prevenir y eliminar la Tuta absoluta o polilla del tomate, si la plaga ya está ...",2021-06-19T00:00:00Z,channel_002621,Phthorimaea_absoluta,polilla del tomate,REG,ES,ES,,,,[withheld],401445,6653,769,PT13M55S
yt_search_terms_03_REG_videos.csv,video_014590,Polilla del tomate | Estando Contigo,"En la sección de jardinería de Estando Contigo el jardinero Ángel Agudo, nos ayuda a conocer todo sobre la Tuta Absoluta o ...",2023-05-30T00:00:00Z,channel_001683,Phthorimaea_absoluta,polilla del tomate,REG,ES,ES,,,,[withheld],198,4,0,PT9M34S
yt_search_terms_03_REG_videos.csv,video_016664,TUTA ELIMINAR DE INVERNADEROS TECNICA MUY EFICAZ CONTRA POLILLA DEL TOMATE 100% ECOLOGICA,"TUTA LUCHAR Y ELIMINAR Y COMBATIR EN INVERNADEROS 100% ECOLOGICA AGRITEK IBERICA, S.L. ignacio@agritek.es ...",2022-02-21T00:00:00Z,channel_000124,Phthorimaea_absoluta,polilla del tomate,REG,PT,PT,,,,[withheld],78,1,0,PT1M5S
yt_search_terms_01_REG_videos.csv,video_000290,"loro gris o loro gris africano,loro yaco (Psittacus erithacus)#loroyacodarko",Conviértete en miembro de este canal para disfrutar de ventajas: ...,2024-11-25T00:00:00Z,channel_004740,Psittacus_erithacus,Psittacus erithacus,REG,ES,ES,,,,[withheld],1452,28,2,PT5S
yt_search_terms_01_REG_videos.csv,video_000511,African Grey Parrot (Psittacus erithacus),"Am I lucky or what, to have this in my garden. Love to see him munch on that yummy palm nut.",2021-03-19T00:00:00Z,channel_001880,Psittacus_erithacus,Psittacus erithacus,REG,PT,PT,,,,[withheld],247,2,0,PT50S
yt_search_terms_01_REG_videos.csv,video_003705,"Alex, o papagaio inteligente. (Psittacus erithacus)",,2017-06-12T00:00:00Z,channel_001529,Psittacus_erithacus,Psittacus erithacus,REG,PT,PT,,,,[withheld],61488,2630,126,PT3M49S
yt_search_terms_01_REG_videos.csv,video_005260,"loro yaco (Psittacus erithacus)  loro gris o loro gris africano,#loroyacodarko",Conviértete en miembro de este canal para disfrutar de ventajas: ...,2024-10-04T00:00:00Z,channel_004740,Psittacus_erithacus,Psittacus erithacus,REG,ES,ES,,,,[withheld],16178,162,1,PT11S
yt_search_terms_01_REG_videos.csv,video_005518,10 interesting facts about Gray Parrot (Psittacus erithacus),List of the this monogamous birds.,2024-06-17T00:00:00Z,channel_008264,Psittacus_erithacus,Psittacus erithacus,REG,PT,PT,,,,[withheld],12,0,0,PT3M8S
yt_search_terms_01_REG_videos.csv,video_005533,African Grey parrot.Psittacus erithacus.. #birds . #wildlife.(,,2023-11-28T00:00:00Z,channel_008256,Psittacus_erithacus,Psittacus erithacus,REG,PT,PT,,,,[withheld],2563,82,0,PT10S
yt_search_terms_01_REG_videos.csv,video_005956,grey parrot (Psittacus erithacus),The African grey parrot (Psittacus erithacus) is an Old World parrot in the family Psittacidae. This article describes the Congo ...,2017-01-10T00:00:00Z,channel_008792,Psittacus_erithacus,Psittacus erithacus,REG,PT,PT,,,,[withheld],161,9,0,PT29S
yt_search_terms_01_REG_videos.csv,video_006623,"loro gris o loro gris africano, loro yaco (Psittacus erithacus) #loroyacodarko",Conviértete en miembro de este canal para disfrutar de ventajas: ...,2024-10-03T00:00:00Z,channel_004740,Psittacus_erithacus,Psittacus erithacus,REG,ES,ES,,,,[withheld],2255,73,0,PT10S
yt_search_terms_01_REG_videos.csv,video_007721,"loro gris o loro gris africano, loro yaco (Psittacus erithacus) #loroyacodarko",Conviértete en miembro de este canal para disfrutar de ventajas: ...,2025-01-27T00:00:00Z,channel_004740,Psittacus_erithacus,Psittacus erithacus,REG,ES,ES,,,,[withheld],320,6,0,PT12S
yt_search_terms_01_REG_videos.csv,video_008053,🦜🐣👉Reproducción del Loro Gris o Yaco (Psittacus erithacus),El loro gris o yaco es una de las mascotas favoritas entre el público aficionado a los loros por su innata facilidad para reproducir ...,2024-03-14T00:00:00Z,channel_004740,Psittacus_erithacus,Psittacus erithacus,REG,ES,ES,,,,[withheld],8471,164,22,PT13M45S
yt_search_terms_01_REG_videos.csv,video_009776,"loro gris o loro gris africano,  loro yaco (Psittacus erithacus)#loroyacodarko",Conviértete en miembro de este canal para disfrutar de ventajas: ...,2025-08-13T00:00:00Z,channel_004740,Psittacus_erithacus,Psittacus erithacus,REG,ES,ES,,,,[withheld],1082,18,0,PT25S
yt_search_terms_01_REG_videos.csv,video_010595,"loro gris o loro gris africano,  loro yaco (Psittacus erithacus) #loroyacodarko",Conviértete en miembro de este canal para disfrutar de ventajas: ...,2025-01-06T00:00:00Z,channel_004740,Psittacus_erithacus,Psittacus erithacus,REG,ES,ES,,,,[withheld],424,14,0,PT12S
yt_search_terms_01_REG_videos.csv,video_011564,"African grey parrot (Psittacus erithacus), very intelligent bird. #birds #parrot #pets #animals","Why Do Parrots Fluff Up Their Feathers? There are several reasons why parrots may fluff up their feathers, also known as “puffing ...",2024-11-09T00:00:00Z,channel_003575,Psittacus_erithacus,Psittacus erithacus,REG,ES,ES,,,,[withheld],481,,0,PT22S
yt_search_terms_01_REG_videos.csv,video_012469,"loro gris o loro gris africano,  loro yaco (Psittacus erithacus)",Conviértete en miembro de este canal para disfrutar de ventajas: ...,2025-03-29T00:00:00Z,channel_004740,Psittacus_erithacus,Psittacus erithacus,REG,ES,ES,,,,[withheld],4986,142,0,PT7S
yt_search_terms_01_REG_videos.csv,video_012502,African Greyparrot - Graupapagei (Psittacus erithacus),"The African Greyparrot ( Psittacus erithacus ) is one of the most known parrot species on earth. In this video, you see my pair of ...",2021-01-14T00:00:00Z,channel_008191,Psittacus_erithacus,Psittacus erithacus,REG,ES,ES,,,,[withheld],18682,222,20,PT6M34S
yt_search_terms_01_REG_videos.csv,video_012945,"loro gris o loro gris africano,   loro yaco (Psittacus erithacus)#loroyacodarko",Conviértete en miembro de este canal para disfrutar de ventajas: ...,2024-10-06T00:00:00Z,channel_004740,Psittacus_erithacus,Psittacus erithacus,REG,ES,ES,,,,[withheld],1196,34,0,PT13S
yt_search_terms_01_REG_videos.csv,video_013282,"loro gris o loro gris africano,loro yaco (Psittacus erithacus)#loroyacodarko",Conviértete en miembro de este canal para disfrutar de ventajas: ...,2024-11-25T00:00:00Z,channel_004740,Psittacus_erithacus,Psittacus erithacus,REG,ES,ES,,,,[withheld],1176,38,3,PT11S
yt_search_terms_01_REG_videos.csv,video_013818,loro yaco (Psittacus erithacus) #loroyacodarko,Conviértete en miembro de este canal para disfrutar de ventajas: ...,2024-10-20T00:00:00Z,channel_004740,Psittacus_erithacus,Psittacus erithacus,REG,ES,ES,,,,[withheld],2512,58,2,PT6S
yt_search_terms_01_REG_videos.csv,video_013986,Grey Parrot [Psittacus Erithacus],"In this video, we learn about the grey parrot. QUICK FACTS: • Lifespan: Max 23 years (wild); Up to 60 years (captivity) • Length: 13 ...",2021-10-06T00:00:00Z,channel_000998,Psittacus_erithacus,Psittacus erithacus,REG,PT,PT,,,,[withheld],1529,9,1,PT2M1S
yt_search_terms_01_REG_videos.csv,video_014395,Are Psittacus Erithacus Really the Smartest Birds on Earth? #parrot #facts,"Meet the African Grey Parrot – The Einstein of the Bird World! Discover the incredible intelligence of Psittacus erithacus, the ...",2025-05-23T00:00:00Z,channel_007173,Psittacus_erithacus,Psittacus erithacus,REG,PT,PT,,,,[withheld],1241,42,0,PT1M34S
yt_search_terms_01_REG_videos.csv,video_015924,loro yaco (Psittacus erithacus) #loroyacodarko,Conviértete en miembro de este canal para disfrutar de ventajas: ...,2024-09-30T00:00:00Z,channel_004740,Psittacus_erithacus,Psittacus erithacus,REG,ES,ES,,,,[withheld],1101,57,1,PT11S
yt_search_terms_01_REG_videos.csv,video_016736,"loro yaco (Psittacus erithacus) loro gris o loro gris africano,",Conviértete en miembro de este canal para disfrutar de ventajas: ...,2024-12-06T00:00:00Z,channel_004740,Psittacus_erithacus,Psittacus erithacus,REG,ES,ES,,,,[withheld],285,19,4,PT8S
yt_search_terms_01_REG_videos.csv,video_000166,🦜&quot;LORO GRIS AFRICANO&quot; #curiosidades #naturaleza #animales #aves #mascota #datoscuriosos #shorts,Descubre las ASOMBROSAS Curiosidades de los LOROS GRIS AFRICANO en este IMPERDIBLE video de YouTube!,2023-11-19T00:00:00Z,channel_005561,Psittacus_erithacus,loro gris africano,REG,ES,ES,,,,[withheld],696,12,0,PT57S
yt_search_terms_01_REG_videos.csv,video_001330,LORO YACO HABLANDO - Loro Gris Africano el mejor hablador 🐦🗣️,"Conoce como imita el Loro Yaco la voz de personas, gatos, caballos, vacas y hasta ladridos de perros. Es considerado el Mejor ...",2021-10-26T00:00:00Z,channel_005482,Psittacus_erithacus,loro gris africano,REG,ES,ES,,,,[withheld],98352,1816,129,PT5M12S
yt_search_terms_01_REG_videos.csv,video_002518,"Reproducción del loro gris africano, Yaco",Video de Hector.,2022-07-16T00:00:00Z,channel_001010,Psittacus_erithacus,loro gris africano,REG,ES,ES,,,,[withheld],6576,101,4,PT19S
yt_search_terms_01_REG_videos.csv,video_005461,10 cosas que tienes que saber antes de traer un YACO a casa (loro gris africano de cola roja),"Si te planteas tener un yaco (loro gris africano de cola roja) como animal de compañía, es importante que antes veas este vídeo ...",2024-11-03T00:00:00Z,channel_004994,Psittacus_erithacus,loro gris africano,REG,ES,ES,,,,[withheld],46031,1121,86,PT12M1S
yt_search_terms_01_REG_videos.csv,video_005705,Descubriendo la Inteligencia del Loro Gris Africano I Mundo Animal | Orígenes,"Se cree que el loro gris africano es una de las especies más inteligentes del planeta, rivalizando incluso con los simios. Algunos ...",2023-04-13T00:00:00Z,channel_005937,Psittacus_erithacus,loro gris africano,REG,ES,ES,,,,[withheld],36216,445,33,PT23M11S
yt_search_terms_01_REG_videos.csv,video_006383,Alex el Loro Inteligente 🦜  #animales #loro #birds,"Te presentamos a Alex, el loro gris africano. Esta revolucionaria ave fue el colega y objeto de estudio de la Dra. Irene Pepperberg ...",2023-08-22T00:00:00Z,channel_009373,Psittacus_erithacus,loro gris africano,REG,ES,ES,,,,[withheld],14292,609,6,PT39S
yt_search_terms_01_REG_videos.csv,video_007226,Loro Gris Africano 🦜| El ave MÁS inteligente del mundo 😲,Sabías que el loro gris africano es considerado una de las aves más inteligentes del planeta? En este video te cuento todo ...,2026-01-02T00:00:00Z,channel_009145,Psittacus_erithacus,loro gris africano,REG,ES,ES,,,,[withheld],861,29,4,PT4M43S
yt_search_terms_01_REG_videos.csv,video_009250,"LORO GRIS , YACO. SONIDOS PARA LLAMAR , IMITAR, RELAJAR. EL MEJOR",en este video os traemos el sonido del loro gris africano también conocido como yaco . un sonido original que os valdrá para ...,2022-08-30T00:00:00Z,channel_004740,Psittacus_erithacus,loro gris africano,REG,ES,ES,,,,[withheld],36983,185,4,PT1H4M14S
yt_search_terms_01_REG_videos.csv,video_009611,"AVES - Todo sobre el Yaco, el loro gris africano. El loro más elegante.🦜",REGALO BIENVENIDA 20% de DESCUENTO ▻ Únete Ahora al Club Cunipic regalo-de-bienvenida Además recibirás: Trucos ...,2015-10-07T00:00:00Z,channel_002013,Psittacus_erithacus,loro gris africano,REG,ES,ES,,,,[withheld],373661,4152,11,PT6M51S
yt_search_terms_01_REG_videos.csv,video_010749,"LORO GRIS , YACO. SONIDOS PARA LLAMAR , IMITAR, RELAJAR. EL MEJOR",en este video os traemos el sonido del loro gris africano también conocido como yaco . un sonido original que os valdrá para ...,2021-09-29T00:00:00Z,channel_004740,Psittacus_erithacus,loro gris africano,REG,ES,ES,,,,[withheld],89227,414,14,PT59M57S
yt_search_terms_01_REG_videos.csv,video_012145,"LORO GRIS , YACO. SONIDOS PARA LLAMAR , IMITAR, RELAJAR.",en este video os traemos el sonido del loro gris africano también conocido como yaco . un sonido original que os valdrá para ...,2023-06-03T00:00:00Z,channel_004740,Psittacus_erithacus,loro gris africano,REG,PT,PT,,,,[withheld],26830,90,2,PT59M57S
yt_search_terms_01_REG_videos.csv,video_012342,"Loro gris o loro gris africano, loro yaco (Psittacus erithacus) #loroyacodarko",Conviértete en miembro de este canal para disfrutar de ventajas: ...,2024-10-05T00:00:00Z,channel_004740,Psittacus_erithacus,loro gris africano,REG,PT,PT,,,,[withheld],2170,69,5,PT12S
yt_search_terms_01_REG_videos.csv,video_013903,Aves exóticas Loro Gris africano o Yaco !,Descubre el fascinante mundo del Loro Gris en este documental presentado por Malena Sosa! Este video sumerge en la ...,2024-01-26T00:00:00Z,channel_007767,Psittacus_erithacus,loro gris africano,REG,ES,ES,,,,[withheld],3550,90,4,PT6M11S
yt_search_terms_01_REG_videos.csv,video_014204,La ESTAFA del HERMOSO LORO GRIS AFRICANO DE COLA ROJA.,MUY IMPORTANTE: no adoptes un loro por internet o te puede pasar esto. Reportaje emitido en el Caiga Quien Caiga de ...,2025-01-20T00:00:00Z,channel_007339,Psittacus_erithacus,loro gris africano,REG,PT,PT,,,,[withheld],244266,14528,393,PT8M48S
yt_search_terms_01_REG_videos.csv,video_014530,Loro Gris Africano 2016,"Loro Gris Africano 2016 5 meses de edad Guadalajara, Jalisco, México.",2016-09-24T00:00:00Z,channel_000436,Psittacus_erithacus,loro gris africano,REG,PT,PT,,,,[withheld],52189,647,5,PT14S
yt_search_terms_01_REG_videos.csv,video_015420,"Loro gris africano , cantos , sonidos  ,Parrots , Grey parrot . Sound","Cantos y sonidos del loro gris africano , También conocido como yaco , un gran entretenimiento para tu loro para imitar .",2024-01-23T00:00:00Z,channel_004740,Psittacus_erithacus,loro gris africano,REG,ES,ES,,,,[withheld],12417,68,0,PT1H5M17S
yt_search_terms_01_REG_videos.csv,video_001866,Papagaio cinzento: curiosidades e fatos sobre essa ave inteligente!,"Este vídeo apresenta curiosidades e fatos interessantes sobre o papagaio cinzento, uma das aves mais inteligentes do mundo.",2023-03-05T00:00:00Z,channel_001586,Psittacus_erithacus,papagaio cinzento,REG,PT,PT,,,,[withheld],1936,79,6,PT7M41S
yt_search_terms_01_REG_videos.csv,video_002701,Papagaio cinzento,,2023-05-02T00:00:00Z,channel_000952,Psittacus_erithacus,papagaio cinzento,REG,ES,ES,,,,[withheld],582,10,0,PT30S
yt_search_terms_01_REG_videos.csv,video_003404,Papagaio do Congo ou Papagaio cinzento#shorts,"O papagaio-cinzento (Psittacus erithacus), também conhecido como papagaio-do-congo ou papagaio-do-gabão, é um papagaio ...",2023-08-28T00:00:00Z,channel_001602,Psittacus_erithacus,papagaio cinzento,REG,ES,ES,,,,[withheld],55129,858,9,PT12S
yt_search_terms_01_REG_videos.csv,video_004085,Papagaio Cinzento Falando,,2024-08-12T00:00:00Z,channel_008102,Psittacus_erithacus,papagaio cinzento,REG,ES,ES,,,,[withheld],2847,15,0,PT12S
yt_search_terms_01_REG_videos.csv,video_006106,Papagaio Cinzento Cauda Vermelha Bébé! - criado à mão,Baby grey Parrot with only 3 months - Handfeeding.,2016-02-21T00:00:00Z,channel_005693,Psittacus_erithacus,papagaio cinzento,REG,ES,ES,,,,[withheld],2759,19,0,PT27S
yt_search_terms_01_REG_videos.csv,video_006107,Papagaio do Congo - Imitando animais,"Olá! Essa é a Khaleesi, um papagaio do Congo (papagaio cinzento, African Grey) imitando alguns animais. Essas aves são muito ...",2020-01-08T00:00:00Z,channel_001584,Psittacus_erithacus,papagaio cinzento,REG,PT,PT,,,,[withheld],173761,11254,79,PT34S
yt_search_terms_01_REG_videos.csv,video_006845,CANTO DO PAPAGAIO CINZENTO  - GRAY PARROT SINGING,"CANTO DO PAPAGAIO CINZENTO - GRAY PARROT SINGING ❤️Para Ver os melhores Cantos de Pássaros, Pássaros ...",2023-06-09T00:00:00Z,channel_001606,Psittacus_erithacus,papagaio cinzento,REG,ES,ES,,,,[withheld],4170,37,0,PT10M12S
yt_search_terms_01_REG_videos.csv,video_007539,"Nina, papagaio cinzento, brinca com menina",Parrot and a children.,2016-10-22T00:00:00Z,channel_005032,Psittacus_erithacus,papagaio cinzento,REG,ES,ES,,,,[withheld],736,3,1,PT1M16S
yt_search_terms_01_REG_videos.csv,video_009126,PAPAGAIO CINZENTO: dicas de maneio e criação com Bruno Soares,"Neste episódio especial do ""Entre Asas e Criadores"", visito o criador de aves Bruno Soares, e damos início a uma nova dinâmica.",2025-09-21T00:00:00Z,channel_000962,Psittacus_erithacus,papagaio cinzento,REG,ES,ES,,,,[withheld],4604,205,12,PT15M35S
yt_search_terms_01_REG_videos.csv,video_011431,Papagaio do Congo / Papagaio Cinzento  criado a mão,,2022-02-05T00:00:00Z,channel_001670,Psittacus_erithacus,papagaio cinzento,REG,ES,ES,,,,[withheld],1394,44,2,PT36S
yt_search_terms_01_REG_videos.csv,video_013371,Viva o Porto! - Papagaio Cinzento com cauda Vermelha,Papagaio Cinzento cauda vermelha - Psittacus erithacus Nome do papagaio: Óscar Piruças Viva o Porto!,2018-09-12T00:00:00Z,channel_005830,Psittacus_erithacus,papagaio cinzento,REG,ES,ES,,,,[withheld],13400,178,3,PT8S
yt_search_terms_01_REG_videos.csv,video_016976,Poatan ou Gane? Papagaio Cinzento fez a previsão! UFC Casa Branca,,2026-06-11T00:00:00Z,channel_002333,Psittacus_erithacus,papagaio cinzento,REG,ES,ES,,,,[withheld],11604,540,35,PT19S
yt_search_terms_02_REG_videos.csv,video_000232,"El alga asiática Rugulopteryx okamurae ataca fuerte en la playa de Guadalquitón, San Roque (Cádiz)","El alga asiática Rugulopteryx okamurae ataca fuerte en la playa de Guadalquitón, San Roque (Cádiz)",2024-07-30T00:00:00Z,channel_007891,Rugulopteryx_okamurae,Rugulopteryx okamurae,REG,ES,ES,,,,[withheld],70,1,0,PT44S
yt_search_terms_02_REG_videos.csv,video_000731,Ciencia de la Conservación – Alga asiática invasora (Rugulopteryx okamurae).,"En el marco del Convenio de Colaboración entre OBIMASA y el Laboratorio de Biología Marina de la Universidad de Sevilla, ...",2022-02-28T00:00:00Z,channel_006502,Rugulopteryx_okamurae,Rugulopteryx okamurae,REG,ES,ES,,,,[withheld],217,5,0,PT32M9S
yt_search_terms_02_REG_videos.csv,video_000733,Nace el ‘Foro Alga Invasora’ para afrontar el reto de Rugulopteryx okamurae,"El tejido investigador científico-técnico, junto al empresarial y a las organizaciones ciudadanas y de conservación de la ...",2020-06-25T00:00:00Z,channel_005912,Rugulopteryx_okamurae,Rugulopteryx okamurae,REG,ES,ES,,,,[withheld],105,3,,PT1M49S
yt_search_terms_02_REG_videos.csv,video_001287,CONFERENCIA. Problemática de la invasión de Rugulopteryx okamurae. José Carlos García Gómez,"PRESENTACIÓN DEL ACTO a cargo de Alejandro Ramírez Hurtado. Consejería de Fomento, Medio Ambiente y Servicios ...",2025-04-02T00:00:00Z,channel_003850,Rugulopteryx_okamurae,Rugulopteryx okamurae,REG,ES,ES,,,,[withheld],97,2,0,PT58M31S
yt_search_terms_02_REG_videos.csv,video_001473,Los ecologistas denuncian que el problema del alga invasora se agrava,"Verdemar Ecologistas en Acción denuncia que la presencia de Rugulopteryx okamurae, el alga asiática invasora continúa ...",2026-05-29T00:00:00Z,channel_005912,Rugulopteryx_okamurae,Rugulopteryx okamurae,REG,ES,ES,,,,[withheld],36,1,0,PT1M50S
yt_search_terms_02_REG_videos.csv,video_002541,"Rugulopteryx okamurae, el alga invasora incontrolable","En nuestras costas de la Bahía norte, este año también están teniendo su presencia la especie de alga invasora Rugulopteryx ...",2025-08-08T00:00:00Z,channel_006502,Rugulopteryx_okamurae,Rugulopteryx okamurae,REG,ES,ES,,,,[withheld],831,8,0,PT2M51S
yt_search_terms_02_REG_videos.csv,video_002877,First results of BIOKAMURAE II: Rugulopteryx okamurae - effects over habitats and sea urchin,"The BIOKAMURAE II project, led by IFAPA El Toruño, is investigating this transformation along the Andalusian Mediterranean ...",2025-12-02T00:00:00Z,channel_003715,Rugulopteryx_okamurae,Rugulopteryx okamurae,REG,ES,ES,,,,[withheld],202,7,0,PT5M4S
yt_search_terms_02_REG_videos.csv,video_002882,"Alga asiática Rugulopteryx okamurae,  Guadarranque, San Roque","Mires por donde mires, una administración lenta . Rugulopteryx okamurae, Bahía de Algeciras #bahiadealgeciras #rugulopteryx ...",2025-07-15T00:00:00Z,channel_007891,Rugulopteryx_okamurae,Rugulopteryx okamurae,REG,ES,ES,,,,[withheld],55,1,0,PT29S
yt_search_terms_02_REG_videos.csv,video_003183,"Seminario María Altamirano Jeschke: &quot;Rugulopteryx okamurae: Origin, Impacts, Biology and Management&quot;","Dr. María Altamirano Jeschke 15/01/2025 Dr. Altamirano completed her doctoral thesis in 1999, focusing on the effects of ...",2025-01-15T00:00:00Z,channel_003724,Rugulopteryx_okamurae,Rugulopteryx okamurae,REG,PT,PT,,,,[withheld],202,4,0,PT1H25M9S
yt_search_terms_02_REG_videos.csv,video_003524,ALGA ASIÁTICA: UNA ENEMIGA PARA NUESTRAS COSTAS,"La Rugulopteryx okamurae, comúnmente conocida como alga asiática, es un alga procedente de las costas asiáticas del Pacífico ...",2021-11-16T00:00:00Z,channel_001448,Rugulopteryx_okamurae,Rugulopteryx okamurae,REG,ES,ES,,,,[withheld],835,14,0,PT4M58S
yt_search_terms_02_REG_videos.csv,video_003990,Gestión del Alga Invasora Rugulopteryx Okamurae en el Litoral Andaluz (BIOKAMURAE),Rugulopteryx okamurae es un alga exótica invasora que ha colonizando grandes extensiones del fondo costero entre el Estrecho ...,2023-09-29T00:00:00Z,channel_003715,Rugulopteryx_okamurae,Rugulopteryx okamurae,REG,ES,ES,,,,[withheld],3907,40,6,PT7M17S
yt_search_terms_02_REG_videos.csv,video_004175,&quot;Rugulopteryx Okamurae&quot;: a invasora japonesa ataca agora no Algarve,Foi detetada em França em 2009. Seis anos ganhou força em Espanha e já está na lista da União Europeia. A propagar-se há ...,2022-07-24T00:00:00Z,channel_002855,Rugulopteryx_okamurae,Rugulopteryx okamurae,REG,ES,ES,,,,[withheld],11267,546,78,PT1M21S
yt_search_terms_02_REG_videos.csv,video_006027,Rugulopteryx okamurae: los desafíos ante su complicada erradicación y gestión de su biomasa,Continúa II Taller Internacional sobre el alga invasora 'Rugulopteryx okamurae' en el Campus Universitario. Una cita que en esta ...,2026-05-12T00:00:00Z,channel_006502,Rugulopteryx_okamurae,Rugulopteryx okamurae,REG,ES,ES,,,,[withheld],18,0,0,PT1M13S
yt_search_terms_02_REG_videos.csv,video_008095,Alga invasora en el Mediterráneo,'Rugulopteryx okamurae' coloniza las costas andaluzas.,2021-06-13T00:00:00Z,channel_007762,Rugulopteryx_okamurae,Rugulopteryx okamurae,REG,ES,ES,,,,[withheld],1525,3,0,PT2M6S
yt_search_terms_02_REG_videos.csv,video_009564,Conheça a alga RUGULOPTERYX OKAMURAE,"Conheça a alga RUGULOPTERYX OKAMURAE e como acabar com ela. A alga invasora Rugulopteryx okamurae, originária da ...",2025-06-15T00:00:00Z,channel_001044,Rugulopteryx_okamurae,Rugulopteryx okamurae,REG,PT,PT,,,,[withheld],348,9,0,PT3M33S
yt_search_terms_02_REG_videos.csv,video_010394,"Ciencia de la Conservación - Evolución de las especies invasoras, alga Rugulopteryx okamurae",La sección de hoy trata de resumir el impacto que causan las especies invasoras sobre la pérdida de biodiversidad en el medio y ...,2025-02-16T00:00:00Z,channel_006502,Rugulopteryx_okamurae,Rugulopteryx okamurae,REG,ES,ES,,,,[withheld],112,1,0,PT17M2S
yt_search_terms_02_REG_videos.csv,video_010540,Se revelan más datos sobre el estudio del alga invasora &#39;Rugulopteryx okamurae&quot;,La Fundación Cepsa junto con la Universidad de Sevilla buscan una salida útil a los restos del alga invasora en las costas del ...,2021-11-05T00:00:00Z,channel_005912,Rugulopteryx_okamurae,Rugulopteryx okamurae,REG,ES,ES,,,,[withheld],113,2,,PT1M30S
yt_search_terms_02_REG_videos.csv,video_012434,Alga invasora | Invasive algae | Pacífico Açores | Rugulopteryx okamurae | Expedição Faial Fev2022,"Expedição para avaliação da cobertura da alga marinha do pacífico Rugulopteryx okamurae no Atlântico Norta, na Ilha do Faial, ...",2022-02-18T00:00:00Z,channel_000919,Rugulopteryx_okamurae,Rugulopteryx okamurae,REG,PT,PT,,,,[withheld],1318,36,0,PT10M20S
yt_search_terms_02_REG_videos.csv,video_014416,"Rugulopteryx okamurae, la gran amenaza ambiental",Tercera y última jornada este miércoles del Taller Internacional sobre el alga Rugulopteryx okamurae: gestión de la biomasa.,2026-05-13T00:00:00Z,channel_006502,Rugulopteryx_okamurae,Rugulopteryx okamurae,REG,ES,ES,,,,[withheld],42,0,0,PT1M37S
yt_search_terms_02_REG_videos.csv,video_016200,Primeros resultados de BIOKAMURAE II: Rugulopteryx okamurae - efectos sobre hábitats y erizo de mar,"El proyecto BIOKAMURAE II, liderado por IFAPA El Toruño, está estudiando esta transformación en el litoral mediterráneo ...",2025-12-02T00:00:00Z,channel_003715,Rugulopteryx_okamurae,Rugulopteryx okamurae,REG,ES,ES,,,,[withheld],322,2,0,PT5M21S
yt_search_terms_01_REG_videos.csv,video_000061,TRAMPEO VESPA VELUTINA,"Hola tater@s¡¡ en este vídeo os enseñamos a realizar un trampa para capturar vespa velutina. Como sabréis bien, hay un ...",2018-03-12T00:00:00Z,channel_004666,Vespa_velutina,Vespa velutina,REG,ES,ES,,,,[withheld],103127,465,0,PT3M20S
yt_search_terms_01_REG_videos.csv,video_000138,Vespa velutina - produção da mistura do atrativo artesanal e comercial e instalação da armadilha,"Apoio à Implementação de uma estratégia de Prevenção, Controlo e Erradicação da Vespa velutina na Região Oeste - Produção ...",2022-09-16T00:00:00Z,channel_005493,Vespa_velutina,Vespa velutina,REG,PT,PT,,,,[withheld],1563,11,0,PT2M5S
yt_search_terms_01_REG_videos.csv,video_002444,"trampa  Vespa velutina ,avispa asiática rápido y facil",,2025-07-30T00:00:00Z,channel_003950,Vespa_velutina,Vespa velutina,REG,PT,PT,,,,[withheld],1716,15,2,PT2M21S
yt_search_terms_01_REG_videos.csv,video_005010,Vespa velutina | Beekeeping Academy | Ep. 81,"Vespa velutina, the yellow-legged hornet, is a pest of honey bee colonies. Originating in Asia, this hornet hunts honey bees for ...",2026-02-20T00:00:00Z,channel_007740,Vespa_velutina,Vespa velutina,REG,ES,ES,,,,[withheld],2426,126,12,PT16M29S
yt_search_terms_01_REG_videos.csv,video_006434,Vespa velutina o avispa asiatica datos y curiosidades.,en este video vamos a hablar de la avispa velutina o avispón asiatico (vespa velutina) es una plaga invasora en la península ...,2024-06-22T00:00:00Z,channel_002113,Vespa_velutina,Vespa velutina,REG,ES,ES,,,,[withheld],8617,62,20,PT3M28S
yt_search_terms_01_REG_videos.csv,video_007030,Asiatische Hornisse (Vespa velutina) absaugen,,2025-09-07T00:00:00Z,channel_003791,Vespa_velutina,Vespa velutina,REG,ES,ES,,,,[withheld],15451,43,0,PT12S
yt_search_terms_01_REG_videos.csv,video_008743,vespa crabro VS vespa velutina,,2024-10-07T00:00:00Z,channel_007833,Vespa_velutina,Vespa velutina,REG,ES,ES,,,,[withheld],2229,20,2,PT22S
yt_search_terms_01_REG_videos.csv,video_011003,¿Por qué la avispa velutina es tan peligrosa? 🐝 #shorts #avispa #animalespeligrosos,Cuidado con la avispa asiatica! ⚠️ Este video muestra cómo la vespa velutina o avispa velutina se ha convertido en una plaga ...,2025-10-18T00:00:00Z,channel_006283,Vespa_velutina,Vespa velutina,REG,ES,ES,,,,[withheld],18479,251,0,PT30S
yt_search_terms_01_REG_videos.csv,video_011177,VESPA VELUTINA: ¿Cómo es la avispa asiática que ha matado a tres personas en Galicia? | EL PAÍS,"Preguntas y respuestas sobre la ""vespa velutina"", la avispa asiática que ha matado a tres personas en Galicia. Gonzalo Calvo, el ...",2025-10-31T00:00:00Z,channel_002463,Vespa_velutina,Vespa velutina,REG,ES,ES,,,,[withheld],55776,518,93,PT3M32S
yt_search_terms_01_REG_videos.csv,video_011910,Charla sobre la problemática de la Vespa Velutina (avispa asiática),Charla sobre la problemática de la Vespa Velutina (avispa asiática) y métodos de contención. Con la colaboración de Federación ...,2021-06-01T00:00:00Z,channel_001042,Vespa_velutina,Vespa velutina,REG,ES,ES,,,,[withheld],721,12,1,PT1H45M59S
yt_search_terms_01_REG_videos.csv,video_015081,¿Te puede matar una avispa asesina como la Vespa Velutina o avispa asiática?,"En este vídeo os hablo de la Vesta Volutina, también conocida como avispa asiática o en el algunos casos, la avispa asesina.",2018-07-24T00:00:00Z,channel_005472,Vespa_velutina,Vespa velutina,REG,ES,ES,,,,[withheld],13885,216,35,PT12M35S
yt_search_terms_01_REG_videos.csv,video_015789,"Vespa velutina, a Lucca è allarme: cosa fare quando si vede un nido","La provincia di Lucca, insieme al Ponente ligure, è tra le zone più colpite in Italia dalla presenza del grande calabrone venuto ...",2026-01-23T00:00:00Z,channel_005785,Vespa_velutina,Vespa velutina,REG,ES,ES,,,,[withheld],2099,6,1,PT2M26S
yt_search_terms_01_REG_videos.csv,video_016949,¿Cómo diferenciar el AVISPÓN ASIÁTICO invasor del AVISPÓN EUROPEO? Vespa velutina vs Vespa crabro,"Hola neuronas verdes! Hoy vamos a hablar de un insector invasor en nuestro territorio, la Vespa velutina, que se conoce como ...",2021-05-06T00:00:00Z,channel_001449,Vespa_velutina,Vespa velutina,REG,ES,ES,,,,[withheld],27986,255,23,PT4M35S
yt_search_terms_01_REG_videos.csv,video_000028,Avispa Asiatica bloqueando colmenas,,2023-08-20T00:00:00Z,channel_004539,Vespa_velutina,avispa asiatica,REG,ES,ES,,,,[withheld],3793,31,2,PT13S
yt_search_terms_01_REG_videos.csv,video_001453,Trampa Selectiva para avispa Asiatica,Trampa Selectiva Avispa Asiatica.,2018-03-03T00:00:00Z,channel_006863,Vespa_velutina,avispa asiatica,REG,ES,ES,,,,[withheld],2120,11,0,PT1M1S
yt_search_terms_01_REG_videos.csv,video_001971,ataque de avispa asiatica #real,,2023-12-05T00:00:00Z,channel_008671,Vespa_velutina,avispa asiatica,REG,ES,ES,,,,[withheld],22682,233,1,PT17S
yt_search_terms_01_REG_videos.csv,video_002030,#5  Como hacer Trampa Avispa Asiática || LLEVOTE AL GUERTU @conexionas1,"5# TRAMPA AVISPA ASIATICA, VELUTINA En este video de La huerta de José y Gloria. Naturnatur, José nos enseña cómo ...",2024-08-06T00:00:00Z,channel_004565,Vespa_velutina,avispa asiatica,REG,ES,ES,,,,[withheld],17402,69,2,PT10M4S
yt_search_terms_01_REG_videos.csv,video_004382,Avispa Asiatica ( velutina),Donaciones: ...,2022-11-21T00:00:00Z,channel_000813,Vespa_velutina,avispa asiatica,REG,ES,ES,,,,[withheld],2399,173,22,PT8M20S
yt_search_terms_01_REG_videos.csv,video_007927,ABEJAS MATAN AVISPA ASIATICA #abejas #avispas #naturaleza #curiosidades #colmena #avispas #abeja,,2024-08-06T00:00:00Z,channel_005594,Vespa_velutina,avispa asiatica,REG,ES,ES,,,,[withheld],87126,2109,32,PT19S
yt_search_terms_01_REG_videos.csv,video_008124,Nido secundario en terraza de chalet individual avispa Asiatica Velutina 😢😢😢🐝🐝🐝🐝,,2017-08-21T00:00:00Z,channel_006863,Vespa_velutina,avispa asiatica,REG,ES,ES,,,,[withheld],201628,3234,39,PT23S
yt_search_terms_01_REG_videos.csv,video_009511,METODO DE NEUTRALIZACION REMOTA DE NIDOS DE AVISPA ASIATICA VESPA VELUTINA. TROYANOS,"Explicación de Marino Fernández Pérez, apicultor y especialista de reconocido prestigio en la eliminación de nidos de avispa ...",2023-09-09T00:00:00Z,channel_000811,Vespa_velutina,avispa asiatica,REG,ES,ES,,,,[withheld],32615,593,,PT14M35S
yt_search_terms_01_REG_videos.csv,video_010221,Nuevo Método contra la Avispa Asiatica &quot;Asiatic Wasp Ball&quot;,Qué es ASIATIC WASP BALL? ASIATIC WASP BALL es un sistema ideado y patentado en Cantabria (España) para la ...,2017-10-31T00:00:00Z,channel_000895,Vespa_velutina,avispa asiatica,REG,PT,PT,,,,[withheld],823,4,0,PT51S
yt_search_terms_01_REG_videos.csv,video_001214,¡Avispa Asiática en Acción! Defendiendo su Nido 🐝✨ #shorts,"Quizás te estés preguntando qué es esto que estás mirando. Pues, te explico. Esta es una avispa asiática y, como puedes ver, ...",2024-08-07T00:00:00Z,channel_006660,Vespa_velutina,avispa asiática,REG,PT,PT,,,,[withheld],254055,4252,59,PT19S
yt_search_terms_01_REG_videos.csv,video_001246,AVISPA ASIÁTICA 🧐🧐 ELIMINO NIDO EN UN BLOQUE 🧐🧐,,2025-06-15T00:00:00Z,channel_005070,Vespa_velutina,avispa asiática,REG,ES,ES,,,,[withheld],18099,482,27,PT6M18S
yt_search_terms_01_REG_videos.csv,video_001331,Enjambre de abejas destruye un nido de avispa asiática,Teníamos observado un nido de avispa asiática que acababa de establecerse dentro de una colmena abandonada. Dos días ...,2017-06-13T00:00:00Z,channel_008376,Vespa_velutina,avispa asiática,REG,PT,PT,,,,[withheld],1372522,8876,1241,PT5M18S
yt_search_terms_01_REG_videos.csv,video_002836,"Avispa asiática y avispón europeo, diferencias.","La avispa asiática es una especie invasora que no debemos confundir con el avispón europeo (Vespa crabro), que es autóctona.",2022-10-22T00:00:00Z,channel_003676,Vespa_velutina,avispa asiática,REG,ES,ES,,,,[withheld],2364,29,0,PT1M48S
yt_search_terms_01_REG_videos.csv,video_003829,Trampa para AVISPA ASIÁTICA 🐝 #bees #vespa #avispa #tramp #api,Trampa para avispa asiática: Esta trampa es ideal para cazar a la avispa asiática o Vespa veluta y evitar que caigan los ...,2023-09-23T00:00:00Z,channel_008335,Vespa_velutina,avispa asiática,REG,ES,ES,,,,[withheld],112085,2223,94,PT56S
yt_search_terms_01_REG_videos.csv,video_004237,La avispa asiática tardará solo diez años en invadir España,"La avispa asiática o velutina ya ha llegado al norte de la Península Ibérica, donde ha causado alguna víctima mortal.",2019-06-23T00:00:00Z,channel_008827,Vespa_velutina,avispa asiática,REG,ES,ES,,,,[withheld],344446,3481,1260,PT2M46S
yt_search_terms_01_REG_videos.csv,video_005586,Como hacer trampa avispa asiática en 10 minutos🐝 ► Velutina || Avispa Japonesa  || #velutina,"Ahora a la Velutina tenemos que añadir la avispa Japonesa Gigante, la más venenosa. En Japón fallecen 50 personas al año a ...",2019-08-06T00:00:00Z,channel_004565,Vespa_velutina,avispa asiática,REG,ES,ES,,,,[withheld],527304,5846,349,PT7M32S
yt_search_terms_01_REG_videos.csv,video_006576,"La AVISPA ASIÁTICA 🐝 ¡Características, nido y PICADURA! ⚠️",La AVISPA ASIÁTICA o VESPA VELUTINA es una especie exótica invasora que también se conoce por el nombre de AVISPA ...,2020-09-11T00:00:00Z,channel_002519,Vespa_velutina,avispa asiática,REG,ES,ES,,,,[withheld],57552,510,12,PT4M30S
yt_search_terms_01_REG_videos.csv,video_007878,"Como ahuyentar 🐝Avispa Asiática, TRUCO infalible #velutina",DI ADIOS a las VELUTINAS!! La Vespa Velutina o Avispa Asiática está causando muchos problemas en algunas zonas del ...,2023-08-04T00:00:00Z,channel_004565,Vespa_velutina,avispa asiática,REG,ES,ES,,,,[withheld],29824,459,25,PT5M36S
yt_search_terms_01_REG_videos.csv,video_011735,Avispa Asiática VELUTINA Eliminación de nido secundario de VELUTINAS,,2017-01-31T00:00:00Z,channel_006863,Vespa_velutina,avispa asiática,REG,ES,ES,,,,[withheld],16837,146,1,PT15S
yt_search_terms_01_REG_videos.csv,video_013472,AVISPA ASIÁTICA!!!! EMPEZAMOS CON LOS NIDOS SECUNDARIOS 😕😕😕,,2024-06-27T00:00:00Z,channel_005070,Vespa_velutina,avispa asiática,REG,PT,PT,,,,[withheld],504140,7031,627,PT13M52S
yt_search_terms_01_REG_videos.csv,video_014690,Conocíais esta trampa para la avispa asiática?,,2025-05-29T00:00:00Z,channel_005287,Vespa_velutina,avispa asiática,REG,ES,ES,,,,[withheld],66478,2730,271,PT41S
yt_search_terms_01_REG_videos.csv,video_014700,Petardos contra la avispa asiática,"Así están deshaciendose de la #AvispaAsiática en Asturias, con #petardos que vuelan los nidos por los aires.     Antes se ...",2019-08-15T00:00:00Z,channel_001683,Vespa_velutina,avispa asiática,REG,ES,ES,,,,[withheld],146948,1702,152,PT1M2S
yt_search_terms_01_REG_videos.csv,video_015233,Como hacer TROYANOS con la AVISPA ASIÁTICA,"Recuerda que puedes solicitar ḿas información por whatsapp en 619530073, si eres de fuera de españa añade el prefijo +34, ...",2022-08-01T00:00:00Z,channel_005404,Vespa_velutina,avispa asiática,REG,ES,ES,,,,[withheld],142008,1919,181,PT2M16S
yt_search_terms_01_REG_videos.csv,video_016154,Avispa Asiática - Peligros y Ataques,En este vídeo vamos a explicaros los PELIGROS y ATAQUES que la Avispa Asiática está causando en ESPAÑA. Si quieres ...,2018-07-27T00:00:00Z,channel_002886,Vespa_velutina,avispa asiática,REG,ES,ES,,,,[withheld],20318,868,81,PT57S
yt_search_terms_01_REG_videos.csv,video_002277,"👍armadilha vespa asiatica aditivo cerveija preta,açucar,vinho branco,o por so groselha",,2022-09-18T00:00:00Z,channel_009019,Vespa_velutina,vespa asiatica,REG,ES,ES,,,,[withheld],462,15,2,PT1M1S
yt_search_terms_01_REG_videos.csv,video_002627,La Vespa Asiatica a Catalunya,,2020-11-17T00:00:00Z,channel_006356,Vespa_velutina,vespa asiatica,REG,ES,ES,,,,[withheld],270,2,,PT9M17S
yt_search_terms_01_REG_videos.csv,video_002849,VESPA ASIATICA ^ELIMINADO^ =BJ APICULTURA=,"Olá a todos Nós somos o Bruno dias e o Julio Silva Vamos apresentar vários vídeos de apicultura, em breve mais detalhados !",2019-07-04T00:00:00Z,channel_001080,Vespa_velutina,vespa asiatica,REG,PT,PT,,,,[withheld],334,7,1,PT3M7S
yt_search_terms_01_REG_videos.csv,video_003452,VESPA ASIATICA Sabe como Fazer uma  Min  Harpa  #yutubeshorts #euclidessantanasantana #vespaasiática,VESPA ASIATICA Sabe como Fazer uma Min Harpa #shorts #euclidessantanasantana #osegredodasabelhas#VESPAASIATICA ...,2023-01-19T00:00:00Z,channel_002850,Vespa_velutina,vespa asiatica,REG,PT,PT,,,,[withheld],6559,67,1,PT15S
yt_search_terms_01_REG_videos.csv,video_005202,VESPA ASIATICA  Fazer uma  Min  Harpa -Parte 1#yutube_videos #vespaasiática @euclidessantanasantana,VESPA ASIATICA Sabe como Fazer uma Min Harpa.. Parte 1 #osegredodasabelhas #VESPAASIATICA ...,2022-07-02T00:00:00Z,channel_002850,Vespa_velutina,vespa asiatica,REG,PT,PT,,,,[withheld],5784,103,10,PT14M6S
yt_search_terms_01_REG_videos.csv,video_006871,"👍 vespa asiatica armadilha.para aditivo usar cerveja preta,açucar,vinho branco.o so groselha",,2021-03-20T00:00:00Z,channel_009019,Vespa_velutina,vespa asiatica,REG,PT,PT,,,,[withheld],939,10,2,PT1M38S
yt_search_terms_01_REG_videos.csv,video_007703,vespa asiatica,"Guifões, Matosinhos 2014.09.07.",2014-09-07T00:00:00Z,channel_008540,Vespa_velutina,vespa asiatica,REG,ES,ES,,,,[withheld],638,2,0,PT2M19S
yt_search_terms_01_REG_videos.csv,video_010397,"VESPA ASIATICA   ,RECEITA MELHORADA # 25% DE CADA PRODUTO : ACUCAR,CERVEJA,VINHO,GROSELHA...!",,2021-09-01T00:00:00Z,channel_002245,Vespa_velutina,vespa asiatica,REG,ES,ES,,,,[withheld],392,9,0,PT27S
yt_search_terms_01_REG_videos.csv,video_013280,ARMADILHA TAMPINHA COM ISCO..PARA  VESPA ASIATICA!,Isco de mosca na tampinha.ESFREGUE PEIXE NA TAMPINHA E VERÁ´VESPA POUSAR NELA.!NEM ESPEREI 5 MINUTOS ...,2016-10-10T00:00:00Z,channel_002245,Vespa_velutina,vespa asiatica,REG,ES,ES,,,,[withheld],5331,19,2,PT20S
yt_search_terms_01_REG_videos.csv,video_014274,VESPA ASIATICA EM PERIGO #youtubeshorts #osegredodasabelhas #asiática,Acabar com vespa asiática em Portugal “vai ser impossível” VESPA ASIATICA EM PERIGO #youtubeshorts #shorts #asiática ...,2023-09-02T00:00:00Z,channel_002850,Vespa_velutina,vespa asiatica,REG,ES,ES,,,,[withheld],2658,52,0,PT5S
yt_search_terms_01_REG_videos.csv,video_016918,Vespa asiatica cazando,,2014-08-04T00:00:00Z,channel_006669,Vespa_velutina,vespa asiatica,REG,ES,ES,,,,[withheld],556,1,0,PT1M19S
yt_search_terms_01_REG_videos.csv,video_000689,armadilha para vespa asiática,,2021-08-06T00:00:00Z,channel_001369,Vespa_velutina,vespa asiática,REG,ES,ES,,,,[withheld],14982,266,5,PT20S
yt_search_terms_01_REG_videos.csv,video_001099,Captura de Vespa Asiática,,2023-10-09T00:00:00Z,channel_006137,Vespa_velutina,vespa asiática,REG,ES,ES,,,,[withheld],15404,188,9,PT12S
yt_search_terms_01_REG_videos.csv,video_002257,Vespa Asiática Duas Técnicas para se livrar  #yutube_videos #vespaasiática @euclidessantanasantana,Vespa Asiática Duas Técnicas para se livrar dela #osegredodasabelhas #Vespaasiática #técnicas para se livrar dela ...,2021-08-13T00:00:00Z,channel_002850,Vespa_velutina,vespa asiática,REG,ES,ES,,,,[withheld],6133,194,18,PT22M36S
yt_search_terms_01_REG_videos.csv,video_002816,Como Reduzir Vespa Asiática,Existem muitas técnicas eu uso este método. Alerta o tratamento aplicado NUNCA deve entrar no apiário. Tratamento: Pipeta de ...,2022-09-19T00:00:00Z,channel_000814,Vespa_velutina,vespa asiática,REG,PT,PT,,,,[withheld],4384,112,24,PT11M46S
yt_search_terms_01_REG_videos.csv,video_003014,Min harpas a eliminar a vespa asiática #salveasabelhas #osegredodasabelhas #vespaasiática,eliminar #vespas #máquina #fotografía #ideias #osegredodasabelhas #como #yutube_videos #euclidessantanasantana ...,2024-09-24T00:00:00Z,channel_002850,Vespa_velutina,vespa asiática,REG,ES,ES,,,,[withheld],5070,31,1,PT15S
yt_search_terms_01_REG_videos.csv,video_004033,"Vespa Asiática, Alcochete 29/10/2021",,2021-10-29T00:00:00Z,channel_003054,Vespa_velutina,vespa asiática,REG,ES,ES,,,,[withheld],943,3,0,PT24S
yt_search_terms_01_REG_videos.csv,video_005474,Como Fazer o Tratamento á Vespa  Asiática #yutubeshorts #osegredodasabelhas #vespaasiática,Como Fazer o Tratamento á Vespa Asiática #shorts #osegredodasabelhas #Asiatica #como #fazer #cavalo #Troia #sabe #como ...,2023-08-17T00:00:00Z,channel_002850,Vespa_velutina,vespa asiática,REG,ES,ES,,,,[withheld],4771,63,0,PT15S
yt_search_terms_01_REG_videos.csv,video_007339,Armadilha para vespa velutina (asiática ),o processo que uso para atrair Vespa Velutina / Vespa Asiática 3 Litros de água 120g de fermento de padeiro 1KG de açúcar.,2020-10-06T00:00:00Z,channel_006666,Vespa_velutina,vespa asiática,REG,PT,PT,,,,[withheld],2219,21,0,PT1M25S
yt_search_terms_01_REG_videos.csv,video_007912,Combate à vespa asiática em Lisboa 🐝,"Este ano, a equipa da CML já eliminou cerca de 250 ninhos de vespa Volutina ou asiática ou por toda a cidade. ℹ Se for picado ...",2024-10-18T00:00:00Z,channel_002019,Vespa_velutina,vespa asiática,REG,PT,PT,,,,[withheld],2906,29,2,PT1M11S
yt_search_terms_01_REG_videos.csv,video_008444,Vespa asiática: tudo o que precisa de saber sobre a invasão da Europa,"As vespas asiáticas, conhecidas por destruir as populações de abelhas, estão a invadir mais países europeus e a espalhar o ...",2024-12-18T00:00:00Z,channel_002855,Vespa_velutina,vespa asiática,REG,PT,PT,,,,[withheld],1541,13,9,PT1M14S
yt_search_terms_01_REG_videos.csv,video_010084,Como fica a Vespa Asiática Eletrocutada  #youtubeshorts #osegredodasabelhas #vespaasiática,Como fica a Vespa Asiática Eletrocutada #shorts #osegredodasabelhas #vespaasiática Como Eliminar a Vespa Asiática ...,2023-08-26T00:00:00Z,channel_002850,Vespa_velutina,vespa asiática,REG,ES,ES,,,,[withheld],4544,81,2,PT15S
yt_search_terms_01_REG_videos.csv,video_012162,Vespa Asiática  Método  para a Eliminar #yutubeshorts #vespaasiática #euclidessantanasantana,Asiática mais um dos Métodos Aprovados para a Eliminar #shorts #osegredodasabelhas ...,2022-10-07T00:00:00Z,channel_002850,Vespa_velutina,vespa asiática,REG,ES,ES,,,,[withheld],4030,57,4,PT31S
yt_search_terms_01_REG_videos.csv,video_013328,Receita para Vespa Asiática #yutubeshorts #vespaasiática #osegredodasabelhas,Receita para Vespa Asiática #shorts #osegredodasabelhas @euclidessantanasantanada Vespa #receita para #vespa #asiatica ...,2023-06-10T00:00:00Z,channel_002850,Vespa_velutina,vespa asiática,REG,ES,ES,,,,[withheld],4484,101,2,PT16S
yt_search_terms_01_REG_videos.csv,video_013882,Ninho de vespa asiática🐝#osegredodasabelhas,Ninho de vespa asiática  #osegredodasabelhas.,2025-07-23T00:00:00Z,channel_002850,Vespa_velutina,vespa asiática,REG,ES,ES,,,,[withheld],2406,16,0,PT16S
yt_search_terms_01_REG_videos.csv,video_014831,Como fazer uma armadilha para a vespa asiática,,2021-04-06T00:00:00Z,channel_005492,Vespa_velutina,vespa asiática,REG,PT,PT,,,,[withheld],32319,290,0,PT1M29S
yt_search_terms_01_REG_videos.csv,video_015244,Vespa Asiática em Ação! Defendendo seu Ninho 🐝✨,,2025-06-04T00:00:00Z,channel_004878,Vespa_velutina,vespa asiática,REG,ES,ES,,,,[withheld],11312,62,0,PT21S
yt_search_terms_01_REG_videos.csv,video_015694,Como Fazer uma Armadilha para Vespa Asiática,Como Fazer uma Armadilha para Vespa Asiática Assista a mais vídeos do canal: Como fazer rede mosquiteira | Instalei rede ...,2025-01-28T00:00:00Z,channel_001365,Vespa_velutina,vespa asiática,REG,ES,ES,,,,[withheld],1462,9,2,PT3M17S
yt_search_terms_01_REG_videos.csv,video_016729,É o Fim da Vespa Asiática #yutube_videos @euclidessantanasantana  #vespaasiática,o Fim da Vespa Asiática #yutube_videos #asiática #osegredodasabelhas #vespaasiática @euclidessantanasantana ...,2019-11-08T00:00:00Z,channel_002850,Vespa_velutina,vespa asiática,REG,ES,ES,,,,[withheld],108217,4170,233,PT4M48S
yt_search_terms_02_REG_videos.csv,video_000373,"Cómo evitar que la bacteria Xylella fastidiosa afecte a cultivos como el almendro, el olivo o la vid",El fitopatógeno Xylella fastidiosa es capaz de infectar a cientos de variedades de interés tanto agrícola como ornamental.,2023-03-07T00:00:00Z,channel_007795,Xylella_fastidiosa,Xylella fastidiosa,REG,ES,ES,,,,[withheld],3573,35,3,PT2M26S
yt_search_terms_02_REG_videos.csv,video_000523,XYLELLA FASTIDIOSA,"Transmitido el 27 de febrero, 2019. El dr. Carlos Chacón Díaz nos habla sobre una bacteria que amenaza con los cultivos de ...",2019-04-30T00:00:00Z,channel_001869,Xylella_fastidiosa,Xylella fastidiosa,REG,ES,ES,,,,[withheld],133,0,0,PT25M34S
yt_search_terms_02_REG_videos.csv,video_002131,"Xylella fastidiosa, la mayor amenaza para la agricultura del Mediterráneo",Vídeos realizado por la Generalitat Valenciana que explica la detección de Xylella fastidiosa en la provincia de Alicante y las ...,2019-03-12T00:00:00Z,channel_006242,Xylella_fastidiosa,Xylella fastidiosa,REG,ES,ES,,,,[withheld],2018,13,1,PT2M17S
yt_search_terms_02_REG_videos.csv,video_002721,La Xylella fastidiosa en Italia | BALAM Agriculture,"En el sur de Italia, millones de olivos han sido devastados por la Xylella fastidiosa, una bacteria que se detectó en la zona de la ...",2025-09-04T00:00:00Z,channel_001051,Xylella_fastidiosa,Xylella fastidiosa,REG,ES,ES,,,,[withheld],520,11,0,PT3M39S
yt_search_terms_02_REG_videos.csv,video_003034,"Italia lucha contra la Xyllela fastidiosa, una bacteria que asesina a los olivos","La Xylella fastidiosa, que ha causado estragos en los olivos de Italia durante los últimos seis años, fue vista por primera vez en ...",2022-10-01T00:00:00Z,channel_002932,Xylella_fastidiosa,Xylella fastidiosa,REG,PT,PT,,,,[withheld],958,15,0,PT2M7S
yt_search_terms_02_REG_videos.csv,video_003311,Xylella fastidiosa: A misteriosa bactéria que mata as oliveiras - reporter,Há já algum tempo que uma das missões dos serviços de proteção florestal italianos é procurar uma misteriosa bactéria.,2015-07-03T00:00:00Z,channel_002855,Xylella_fastidiosa,Xylella fastidiosa,REG,ES,ES,,,,[withheld],2055,13,1,PT8M37S
yt_search_terms_02_REG_videos.csv,video_004484,Conferencia Internacional sobre Xylella fastidiosa,Conferencia Internacional sobre Xylella fastidiosa. Una década en la investigación sobre Xylella fastidiosa; Abordando los ...,2023-11-14T00:00:00Z,channel_001504,Xylella_fastidiosa,Xylella fastidiosa,REG,ES,ES,,,,[withheld],925,15,0,PT8H29M36S
yt_search_terms_02_REG_videos.csv,video_005054,Rapid detection kit for Xylella fastidiosa with AmpliFire,"Detection in 30 minutes of the dangerous bacteria Xylella fastidiosa on different crops from Olive, Grape, Citrus, Almond, ...",2018-04-25T00:00:00Z,channel_000119,Xylella_fastidiosa,Xylella fastidiosa,REG,ES,ES,,,,[withheld],1668,15,0,PT6M20S
yt_search_terms_02_REG_videos.csv,video_005080,Avances en la detección de Xylella fastidiosa [parte 3 de 4],"Jornada organizada por la Red CYTED-IBER-XYFAS y coordinada por el I2SysBio (CSIC-UV) y el IVIA. València, 17 de ...",2019-09-19T00:00:00Z,channel_001674,Xylella_fastidiosa,Xylella fastidiosa,REG,ES,ES,,,,[withheld],242,1,0,PT1H25M10S
yt_search_terms_02_REG_videos.csv,video_005123,Sanidad Vegetal contra la xylella fastidiosa,El departamento de Sanidad Vegetal de la Junta de Andalucía realiza inspecciones en un vivero y en varias explotaciones ...,2018-06-21T00:00:00Z,channel_007587,Xylella_fastidiosa,Xylella fastidiosa,REG,ES,ES,,,,[withheld],1810,17,,PT7M35S
yt_search_terms_02_REG_videos.csv,video_006993,Muestreo para el diagnóstico de Xylella fastidiosa en la estación cuarentenaria de café canéfora,"En el marco del proyecto de café canéfora, financiado por el MADR y liderado por AGROSAVIA, que busca entregarle al país ...",2022-02-03T00:00:00Z,channel_000129,Xylella_fastidiosa,Xylella fastidiosa,REG,ES,ES,,,,[withheld],1586,40,1,PT3M35S
yt_search_terms_02_REG_videos.csv,video_008549,"Xylella fastidiosa: una estrategia alternativa para su control, con Pedro Gómez. Máster Fruticultura","Entrevistamos a Pedro Gómez López, Doctor en Ciencias Biológicas e Investigador del CEBAS-CSIC (Murcia), quien nos habla ...",2018-01-08T00:00:00Z,channel_007790,Xylella_fastidiosa,Xylella fastidiosa,REG,ES,ES,,,,[withheld],602,3,0,PT3M7S
yt_search_terms_02_REG_videos.csv,video_009573,&quot;Xylella Fastidiosa&quot;: batéria que mata oliveiras detetada perto de Paris,"A batéria que destrói oliveiras foi intercetada perto de Paris. Uma planta infetada com a chamada ""Xylella fastidiosa"" - que não ...",2015-04-16T00:00:00Z,channel_002855,Xylella_fastidiosa,Xylella fastidiosa,REG,PT,PT,,,,[withheld],531,5,0,PT51S
yt_search_terms_02_REG_videos.csv,video_010558,#microBIOscope: Xylella fastidiosa,La bacteria que tumba árboles ha llegado a la peninsula.,2017-09-10T00:00:00Z,channel_008944,Xylella_fastidiosa,Xylella fastidiosa,REG,ES,ES,,,,[withheld],1886,28,1,PT3M38S
yt_search_terms_02_REG_videos.csv,video_011907,TODOS los OLIVOS están en PELIGRO de MUERTE por la XYLELLA FASTIDIOSA #shortvideo,,2024-08-12T00:00:00Z,channel_001364,Xylella_fastidiosa,Xylella fastidiosa,REG,ES,ES,,,,[withheld],1142,32,0,PT1M
yt_search_terms_02_REG_videos.csv,video_013074,Deteccion de Xylella fastidiosa en cafe en Colombia,La bacteria Xylella fastidiosa se ha convertido en una amenaza para algunos cultivos. Se caracteriza por tener un amplio rango ...,2026-03-13T00:00:00Z,channel_001703,Xylella_fastidiosa,Xylella fastidiosa,REG,ES,ES,,,,[withheld],1630,48,0,PT1H22M45S
yt_search_terms_02_REG_videos.csv,video_013174,Primer caso de &quot;Xylella fastidiosa&quot; en Andalucía,"2018. Detectado el primer caso de ""Xylella fastidiosa"" en Andalucía, en un vivero de El Ejido (Almería) dentro de una inspección ...",2018-10-16T00:00:00Z,channel_005207,Xylella_fastidiosa,Xylella fastidiosa,REG,PT,PT,,,,[withheld],2337,,,PT1M57S
yt_search_terms_02_REG_videos.csv,video_014624,Xylella Fastidiosa,"Expertos en el control de la Xylella Fastidiosa alertan de que entramos en el periodo del año, primavera y verano, de más ...",2018-04-13T00:00:00Z,channel_001591,Xylella_fastidiosa,Xylella fastidiosa,REG,ES,ES,,,,[withheld],98,0,0,PT1M31S
yt_search_terms_02_REG_videos.csv,video_016410,Xylella fastidiosa en las Baleares,"Se analiza como afecta la bacteria Xylella fastidiosa en el ámbito forestal de las Islas Baleares, su vector, las especies a las que ...",2021-04-07T00:00:00Z,channel_006952,Xylella_fastidiosa,Xylella fastidiosa,REG,ES,ES,,,,[withheld],1855,25,3,PT9M11S
yt_search_terms_02_REG_videos.csv,video_016735,Riesgos potenciales de la introducción de Xylella fastidiosa en la Región de Murcia,JORNADA VIRTUAL DE TRANSFERENCIA DE RESULTADOS DE PROYECTOS DE INVESTIGACIÓN (PROYECTO FEDER ...,2021-06-17T00:00:00Z,channel_007059,Xylella_fastidiosa,Xylella fastidiosa,REG,PT,PT,,,,[withheld],267,7,0,PT1H33M59S
