video_id,title,description,publishedAt,channelTitle,TaxonName,query,search_type,search_unit,regionCode,geo_id,location,locationRadius,video_url,viewCount,likeCount,commentCount,duration
video_011177,VESPA VELUTINA: ¿Cómo es la avispa asiática que ha matado a tres personas en Galicia? | EL PAÍS,"Preguntas y respuestas sobre la ""vespa velutina"", la avispa asiática que ha matado a tres personas en Galicia. Gonzalo Calvo, el ...",2025-10-31T00:00:00Z,channel_002463,Vespa_velutina,Vespa velutina,REG,ES,ES,,,,[withheld],55776,518,93,PT3M32S
video_006434,Vespa velutina o avispa asiatica datos y curiosidades.,en este video vamos a hablar de la avispa velutina o avispón asiatico (vespa velutina) es una plaga invasora en la península ...,2024-06-22T00:00:00Z,channel_002113,Vespa_velutina,Vespa velutina,REG,ES,ES,,,,[withheld],8617,62,20,PT3M28S
video_011003,¿Por qué la avispa velutina es tan peligrosa? 🐝 #shorts #avispa #animalespeligrosos,Cuidado con la avispa asiatica! ⚠️ Este video muestra cómo la vespa velutina o avispa velutina se ha convertido en una plaga ...,2025-10-18T00:00:00Z,channel_006283,Vespa_velutina,Vespa velutina,REG,ES,ES,,,,[withheld],18479,251,0,PT30S
video_016949,¿Cómo diferenciar el AVISPÓN ASIÁTICO invasor del AVISPÓN EUROPEO? Vespa velutina vs Vespa crabro,"Hola neuronas verdes! Hoy vamos a hablar de un insector invasor en nuestro territorio, la Vespa velutina, que se conoce como ...",2021-05-06T00:00:00Z,channel_001449,Vespa_velutina,Vespa velutina,REG,ES,ES,,,,[withheld],27986,255,23,PT4M35S
video_011910,Charla sobre la problemática de la Vespa Velutina (avispa asiática),Charla sobre la problemática de la Vespa Velutina (avispa asiática) y métodos de contención. Con la colaboración de Federación ...,2021-06-01T00:00:00Z,channel_001042,Vespa_velutina,Vespa velutina,REG,ES,ES,,,,[withheld],721,12,1,PT1H45M59S
video_008743,vespa crabro VS vespa velutina,,2024-10-07T00:00:00Z,channel_007833,Vespa_velutina,Vespa velutina,REG,ES,ES,,,,[withheld],2229,20,2,PT22S
video_005010,Vespa velutina | Beekeeping Academy | Ep. 81,"Vespa velutina, the yellow-legged hornet, is a pest of honey bee colonies. Originating in Asia, this hornet hunts honey bees for ...",2026-02-20T00:00:00Z,channel_007740,Vespa_velutina,Vespa velutina,REG,ES,ES,,,,[withheld],2426,126,12,PT16M29S
video_015789,"Vespa velutina, a Lucca è allarme: cosa fare quando si vede un nido","La provincia di Lucca, insieme al Ponente ligure, è tra le zone più colpite in Italia dalla presenza del grande calabrone venuto ...",2026-01-23T00:00:00Z,channel_005785,Vespa_velutina,Vespa velutina,REG,ES,ES,,,,[withheld],2099,6,1,PT2M26S
video_007030,Asiatische Hornisse (Vespa velutina) absaugen,,2025-09-07T00:00:00Z,channel_003791,Vespa_velutina,Vespa velutina,REG,ES,ES,,,,[withheld],15451,43,0,PT12S
video_015081,¿Te puede matar una avispa asesina como la Vespa Velutina o avispa asiática?,"En este vídeo os hablo de la Vesta Volutina, también conocida como avispa asiática o en el algunos casos, la avispa asesina.",2018-07-24T00:00:00Z,channel_005472,Vespa_velutina,Vespa velutina,REG,ES,ES,,,,[withheld],13885,216,35,PT12M35S
video_000061,TRAMPEO VESPA VELUTINA,"Hola tater@s¡¡ en este vídeo os enseñamos a realizar un trampa para capturar vespa velutina. Como sabréis bien, hay un ...",2018-03-12T00:00:00Z,channel_004666,Vespa_velutina,Vespa velutina,REG,ES,ES,,,,[withheld],103127,465,0,PT3M20S
video_011177,VESPA VELUTINA: ¿Cómo es la avispa asiática que ha matado a tres personas en Galicia? | EL PAÍS,"Preguntas y respuestas sobre la ""vespa velutina"", la avispa asiática que ha matado a tres personas en Galicia. Gonzalo Calvo, el ...",2025-10-31T00:00:00Z,channel_002463,Vespa_velutina,Vespa velutina,REG,PT,PT,,,,[withheld],55776,518,93,PT3M32S
video_011003,¿Por qué la avispa velutina es tan peligrosa? 🐝 #shorts #avispa #animalespeligrosos,Cuidado con la avispa asiatica! ⚠️ Este video muestra cómo la vespa velutina o avispa velutina se ha convertido en una plaga ...,2025-10-18T00:00:00Z,channel_006283,Vespa_velutina,Vespa velutina,REG,PT,PT,,,,[withheld],18479,251,0,PT30S
video_006434,Vespa velutina o avispa asiatica datos y curiosidades.,en este video vamos a hablar de la avispa velutina o avispón asiatico (vespa velutina) es una plaga invasora en la península ...,2024-06-22T00:00:00Z,channel_002113,Vespa_velutina,Vespa velutina,REG,PT,PT,,,,[withheld],8617,62,20,PT3M28S
video_016949,¿Cómo diferenciar el AVISPÓN ASIÁTICO invasor del AVISPÓN EUROPEO? Vespa velutina vs Vespa crabro,"Hola neuronas verdes! Hoy vamos a hablar de un insector invasor en nuestro territorio, la Vespa velutina, que se conoce como ...",2021-05-06T00:00:00Z,channel_001449,Vespa_velutina,Vespa velutina,REG,PT,PT,,,,[withheld],27986,255,23,PT4M35S
video_002444,"trampa  Vespa velutina ,avispa asiática rápido y facil",,2025-07-30T00:00:00Z,channel_003950,Vespa_velutina,Vespa velutina,REG,PT,PT,,,,[withheld],1716,15,2,PT2M21S
video_015789,"Vespa velutina, a Lucca è allarme: cosa fare quando si vede un nido","La provincia di Lucca, insieme al Ponente ligure, è tra le zone più colpite in Italia dalla presenza del grande calabrone venuto ...",2026-01-23T00:00:00Z,channel_005785,Vespa_velutina,Vespa velutina,REG,PT,PT,,,,[withheld],2099,6,1,PT2M26S
video_015081,¿Te puede matar una avispa asesina como la Vespa Velutina o avispa asiática?,"En este vídeo os hablo de la Vesta Volutina, también conocida como avispa asiática o en el algunos casos, la avispa asesina.",2018-07-24T00:00:00Z,channel_005472,Vespa_velutina,Vespa velutina,REG,PT,PT,,,,[withheld],13885,216,35,PT12M35S
video_011910,Charla sobre la problemática de la Vespa Velutina (avispa asiática),Charla sobre la problemática de la Vespa Velutina (avispa asiática) y métodos de contención. Con la colaboración de Federación ...,2021-06-01T00:00:00Z,channel_001042,Vespa_velutina,Vespa velutina,REG,PT,PT,,,,[withheld],721,12,1,PT1H45M59S
video_000138,Vespa velutina - produção da mistura do atrativo artesanal e comercial e instalação da armadilha,"Apoio à Implementação de uma estratégia de Prevenção, Controlo e Erradicação da Vespa velutina na Região Oeste - Produção ...",2022-09-16T00:00:00Z,channel_005493,Vespa_velutina,Vespa velutina,REG,PT,PT,,,,[withheld],1563,11,0,PT2M5S
video_005010,Vespa velutina | Beekeeping Academy | Ep. 81,"Vespa velutina, the yellow-legged hornet, is a pest of honey bee colonies. Originating in Asia, this hornet hunts honey bees for ...",2026-02-20T00:00:00Z,channel_007740,Vespa_velutina,Vespa velutina,REG,PT,PT,,,,[withheld],2426,126,12,PT16M29S
video_016154,Avispa Asiática - Peligros y Ataques,En este vídeo vamos a explicaros los PELIGROS y ATAQUES que la Avispa Asiática está causando en ESPAÑA. Si quieres ...,2018-07-27T00:00:00Z,channel_002886,Vespa_velutina,avispa asiática,REG,ES,ES,,,,[withheld],20318,868,81,PT57S
video_006576,"La AVISPA ASIÁTICA 🐝 ¡Características, nido y PICADURA! ⚠️",La AVISPA ASIÁTICA o VESPA VELUTINA es una especie exótica invasora que también se conoce por el nombre de AVISPA ...,2020-09-11T00:00:00Z,channel_002519,Vespa_velutina,avispa asiática,REG,ES,ES,,,,[withheld],57552,510,12,PT4M30S
video_014690,Conocíais esta trampa para la avispa asiática?,,2025-05-29T00:00:00Z,channel_005287,Vespa_velutina,avispa asiática,REG,ES,ES,,,,[withheld],66478,2730,271,PT41S
video_003829,Trampa para AVISPA ASIÁTICA 🐝 #bees #vespa #avispa #tramp #api,Trampa para avispa asiática: Esta trampa es ideal para cazar a la avispa asiática o Vespa veluta y evitar que caigan los ...,2023-09-23T00:00:00Z,channel_008335,Vespa_velutina,avispa asiática,REG,ES,ES,,,,[withheld],112085,2223,94,PT56S
video_004237,La avispa asiática tardará solo diez años en invadir España,"La avispa asiática o velutina ya ha llegado al norte de la Península Ibérica, donde ha causado alguna víctima mortal.",2019-06-23T00:00:00Z,channel_008827,Vespa_velutina,avispa asiática,REG,ES,ES,,,,[withheld],344446,3481,1260,PT2M46S
video_005586,Como hacer trampa avispa asiática en 10 minutos🐝 ► Velutina || Avispa Japonesa  || #velutina,"Ahora a la Velutina tenemos que añadir la avispa Japonesa Gigante, la más venenosa. En Japón fallecen 50 personas al año a ...",2019-08-06T00:00:00Z,channel_004565,Vespa_velutina,avispa asiática,REG,ES,ES,,,,[withheld],527304,5846,349,PT7M32S
video_007878,"Como ahuyentar 🐝Avispa Asiática, TRUCO infalible #velutina",DI ADIOS a las VELUTINAS!! La Vespa Velutina o Avispa Asiática está causando muchos problemas en algunas zonas del ...,2023-08-04T00:00:00Z,channel_004565,Vespa_velutina,avispa asiática,REG,ES,ES,,,,[withheld],29824,459,25,PT5M36S
video_011177,VESPA VELUTINA: ¿Cómo es la avispa asiática que ha matado a tres personas en Galicia? | EL PAÍS,"Preguntas y respuestas sobre la ""vespa velutina"", la avispa asiática que ha matado a tres personas en Galicia. Gonzalo Calvo, el ...",2025-10-31T00:00:00Z,channel_002463,Vespa_velutina,avispa asiática,REG,ES,ES,,,,[withheld],55776,518,93,PT3M32S
video_011735,Avispa Asiática VELUTINA Eliminación de nido secundario de VELUTINAS,,2017-01-31T00:00:00Z,channel_006863,Vespa_velutina,avispa asiática,REG,ES,ES,,,,[withheld],16837,146,1,PT15S
video_002836,"Avispa asiática y avispón europeo, diferencias.","La avispa asiática es una especie invasora que no debemos confundir con el avispón europeo (Vespa crabro), que es autóctona.",2022-10-22T00:00:00Z,channel_003676,Vespa_velutina,avispa asiática,REG,ES,ES,,,,[withheld],2364,29,0,PT1M48S
video_001246,AVISPA ASIÁTICA 🧐🧐 ELIMINO NIDO EN UN BLOQUE 🧐🧐,,2025-06-15T00:00:00Z,channel_005070,Vespa_velutina,avispa asiática,REG,ES,ES,,,,[withheld],18099,482,27,PT6M18S
video_015233,Como hacer TROYANOS con la AVISPA ASIÁTICA,"Recuerda que puedes solicitar ḿas información por whatsapp en 619530073, si eres de fuera de españa añade el prefijo +34, ...",2022-08-01T00:00:00Z,channel_005404,Vespa_velutina,avispa asiática,REG,ES,ES,,,,[withheld],142008,1919,181,PT2M16S
video_014700,Petardos contra la avispa asiática,"Así están deshaciendose de la #AvispaAsiática en Asturias, con #petardos que vuelan los nidos por los aires.     Antes se ...",2019-08-15T00:00:00Z,channel_001683,Vespa_velutina,avispa asiática,REG,ES,ES,,,,[withheld],146948,1702,152,PT1M2S
video_014690,Conocíais esta trampa para la avispa asiática?,,2025-05-29T00:00:00Z,channel_005287,Vespa_velutina,avispa asiática,REG,PT,PT,,,,[withheld],66478,2730,271,PT41S
video_003829,Trampa para AVISPA ASIÁTICA 🐝 #bees #vespa #avispa #tramp #api,Trampa para avispa asiática: Esta trampa es ideal para cazar a la avispa asiática o Vespa veluta y evitar que caigan los ...,2023-09-23T00:00:00Z,channel_008335,Vespa_velutina,avispa asiática,REG,PT,PT,,,,[withheld],112085,2223,94,PT56S
video_016154,Avispa Asiática - Peligros y Ataques,En este vídeo vamos a explicaros los PELIGROS y ATAQUES que la Avispa Asiática está causando en ESPAÑA. Si quieres ...,2018-07-27T00:00:00Z,channel_002886,Vespa_velutina,avispa asiática,REG,PT,PT,,,,[withheld],20318,868,81,PT57S
video_006576,"La AVISPA ASIÁTICA 🐝 ¡Características, nido y PICADURA! ⚠️",La AVISPA ASIÁTICA o VESPA VELUTINA es una especie exótica invasora que también se conoce por el nombre de AVISPA ...,2020-09-11T00:00:00Z,channel_002519,Vespa_velutina,avispa asiática,REG,PT,PT,,,,[withheld],57552,510,12,PT4M30S
video_004237,La avispa asiática tardará solo diez años en invadir España,"La avispa asiática o velutina ya ha llegado al norte de la Península Ibérica, donde ha causado alguna víctima mortal.",2019-06-23T00:00:00Z,channel_008827,Vespa_velutina,avispa asiática,REG,PT,PT,,,,[withheld],344446,3481,1260,PT2M46S
video_011177,VESPA VELUTINA: ¿Cómo es la avispa asiática que ha matado a tres personas en Galicia? | EL PAÍS,"Preguntas y respuestas sobre la ""vespa velutina"", la avispa asiática que ha matado a tres personas en Galicia. Gonzalo Calvo, el ...",2025-10-31T00:00:00Z,channel_002463,Vespa_velutina,avispa asiática,REG,PT,PT,,,,[withheld],55776,518,93,PT3M32S
video_007878,"Como ahuyentar 🐝Avispa Asiática, TRUCO infalible #velutina",DI ADIOS a las VELUTINAS!! La Vespa Velutina o Avispa Asiática está causando muchos problemas en algunas zonas del ...,2023-08-04T00:00:00Z,channel_004565,Vespa_velutina,avispa asiática,REG,PT,PT,,,,[withheld],29824,459,25,PT5M36S
video_013472,AVISPA ASIÁTICA!!!! EMPEZAMOS CON LOS NIDOS SECUNDARIOS 😕😕😕,,2024-06-27T00:00:00Z,channel_005070,Vespa_velutina,avispa asiática,REG,PT,PT,,,,[withheld],504140,7031,627,PT13M52S
video_001331,Enjambre de abejas destruye un nido de avispa asiática,Teníamos observado un nido de avispa asiática que acababa de establecerse dentro de una colmena abandonada. Dos días ...,2017-06-13T00:00:00Z,channel_008376,Vespa_velutina,avispa asiática,REG,PT,PT,,,,[withheld],1372522,8876,1241,PT5M18S
video_005586,Como hacer trampa avispa asiática en 10 minutos🐝 ► Velutina || Avispa Japonesa  || #velutina,"Ahora a la Velutina tenemos que añadir la avispa Japonesa Gigante, la más venenosa. En Japón fallecen 50 personas al año a ...",2019-08-06T00:00:00Z,channel_004565,Vespa_velutina,avispa asiática,REG,PT,PT,,,,[withheld],527304,5846,349,PT7M32S
video_001246,AVISPA ASIÁTICA 🧐🧐 ELIMINO NIDO EN UN BLOQUE 🧐🧐,,2025-06-15T00:00:00Z,channel_005070,Vespa_velutina,avispa asiática,REG,PT,PT,,,,[withheld],18099,482,27,PT6M18S
video_001214,¡Avispa Asiática en Acción! Defendiendo su Nido 🐝✨ #shorts,"Quizás te estés preguntando qué es esto que estás mirando. Pues, te explico. Esta es una avispa asiática y, como puedes ver, ...",2024-08-07T00:00:00Z,channel_006660,Vespa_velutina,avispa asiática,REG,PT,PT,,,,[withheld],254055,4252,59,PT19S
video_000028,Avispa Asiatica bloqueando colmenas,,2023-08-20T00:00:00Z,channel_004539,Vespa_velutina,avispa asiatica,REG,ES,ES,,,,[withheld],3793,31,2,PT13S
video_006434,Vespa velutina o avispa asiatica datos y curiosidades.,en este video vamos a hablar de la avispa velutina o avispón asiatico (vespa velutina) es una plaga invasora en la península ...,2024-06-22T00:00:00Z,channel_002113,Vespa_velutina,avispa asiatica,REG,ES,ES,,,,[withheld],8617,62,20,PT3M28S
video_007927,ABEJAS MATAN AVISPA ASIATICA #abejas #avispas #naturaleza #curiosidades #colmena #avispas #abeja,,2024-08-06T00:00:00Z,channel_005594,Vespa_velutina,avispa asiatica,REG,ES,ES,,,,[withheld],87126,2109,32,PT19S
video_008124,Nido secundario en terraza de chalet individual avispa Asiatica Velutina 😢😢😢🐝🐝🐝🐝,,2017-08-21T00:00:00Z,channel_006863,Vespa_velutina,avispa asiatica,REG,ES,ES,,,,[withheld],201628,3234,39,PT23S
video_001971,ataque de avispa asiatica #real,,2023-12-05T00:00:00Z,channel_008671,Vespa_velutina,avispa asiatica,REG,ES,ES,,,,[withheld],22682,233,1,PT17S
video_009511,METODO DE NEUTRALIZACION REMOTA DE NIDOS DE AVISPA ASIATICA VESPA VELUTINA. TROYANOS,"Explicación de Marino Fernández Pérez, apicultor y especialista de reconocido prestigio en la eliminación de nidos de avispa ...",2023-09-09T00:00:00Z,channel_000811,Vespa_velutina,avispa asiatica,REG,ES,ES,,,,[withheld],32615,593,,PT14M35S
video_001453,Trampa Selectiva para avispa Asiatica,Trampa Selectiva Avispa Asiatica.,2018-03-03T00:00:00Z,channel_006863,Vespa_velutina,avispa asiatica,REG,ES,ES,,,,[withheld],2120,11,0,PT1M1S
video_002030,#5  Como hacer Trampa Avispa Asiática || LLEVOTE AL GUERTU @conexionas1,"5# TRAMPA AVISPA ASIATICA, VELUTINA En este video de La huerta de José y Gloria. Naturnatur, José nos enseña cómo ...",2024-08-06T00:00:00Z,channel_004565,Vespa_velutina,avispa asiatica,REG,ES,ES,,,,[withheld],17402,69,2,PT10M4S
video_004382,Avispa Asiatica ( velutina),Donaciones: ...,2022-11-21T00:00:00Z,channel_000813,Vespa_velutina,avispa asiatica,REG,ES,ES,,,,[withheld],2399,173,22,PT8M20S
video_000028,Avispa Asiatica bloqueando colmenas,,2023-08-20T00:00:00Z,channel_004539,Vespa_velutina,avispa asiatica,REG,PT,PT,,,,[withheld],3793,31,2,PT13S
video_006434,Vespa velutina o avispa asiatica datos y curiosidades.,en este video vamos a hablar de la avispa velutina o avispón asiatico (vespa velutina) es una plaga invasora en la península ...,2024-06-22T00:00:00Z,channel_002113,Vespa_velutina,avispa asiatica,REG,PT,PT,,,,[withheld],8617,62,20,PT3M28S
video_009511,METODO DE NEUTRALIZACION REMOTA DE NIDOS DE AVISPA ASIATICA VESPA VELUTINA. TROYANOS,"Explicación de Marino Fernández Pérez, apicultor y especialista de reconocido prestigio en la eliminación de nidos de avispa ...",2023-09-09T00:00:00Z,channel_000811,Vespa_velutina,avispa asiatica,REG,PT,PT,,,,[withheld],32615,593,,PT14M35S
video_011003,¿Por qué la avispa velutina es tan peligrosa? 🐝 #shorts #avispa #animalespeligrosos,Cuidado con la avispa asiatica! ⚠️ Este video muestra cómo la vespa velutina o avispa velutina se ha convertido en una plaga ...,2025-10-18T00:00:00Z,channel_006283,Vespa_velutina,avispa asiatica,REG,PT,PT,,,,[withheld],18479,251,0,PT30S
video_010221,Nuevo Método contra la Avispa Asiatica &quot;Asiatic Wasp Ball&quot;,Qué es ASIATIC WASP BALL? ASIATIC WASP BALL es un sistema ideado y patentado en Cantabria (España) para la ...,2017-10-31T00:00:00Z,channel_000895,Vespa_velutina,avispa asiatica,REG,PT,PT,,,,[withheld],823,4,0,PT51S
video_008124,Nido secundario en terraza de chalet individual avispa Asiatica Velutina 😢😢😢🐝🐝🐝🐝,,2017-08-21T00:00:00Z,channel_006863,Vespa_velutina,avispa asiatica,REG,PT,PT,,,,[withheld],201628,3234,39,PT23S
video_001453,Trampa Selectiva para avispa Asiatica,Trampa Selectiva Avispa Asiatica.,2018-03-03T00:00:00Z,channel_006863,Vespa_velutina,avispa asiatica,REG,PT,PT,,,,[withheld],2120,11,0,PT1M1S
video_001971,ataque de avispa asiatica #real,,2023-12-05T00:00:00Z,channel_008671,Vespa_velutina,avispa asiatica,REG,PT,PT,,,,[withheld],22682,233,1,PT17S
video_002030,#5  Como hacer Trampa Avispa Asiática || LLEVOTE AL GUERTU @conexionas1,"5# TRAMPA AVISPA ASIATICA, VELUTINA En este video de La huerta de José y Gloria. Naturnatur, José nos enseña cómo ...",2024-08-06T00:00:00Z,channel_004565,Vespa_velutina,avispa asiatica,REG,PT,PT,,,,[withheld],17402,69,2,PT10M4S
video_012162,Vespa Asiática  Método  para a Eliminar #yutubeshorts #vespaasiática #euclidessantanasantana,Asiática mais um dos Métodos Aprovados para a Eliminar #shorts #osegredodasabelhas ...,2022-10-07T00:00:00Z,channel_002850,Vespa_velutina,vespa asiática,REG,ES,ES,,,,[withheld],4030,57,4,PT31S
video_016729,É o Fim da Vespa Asiática #yutube_videos @euclidessantanasantana  #vespaasiática,o Fim da Vespa Asiática #yutube_videos #asiática #osegredodasabelhas #vespaasiática @euclidessantanasantana ...,2019-11-08T00:00:00Z,channel_002850,Vespa_velutina,vespa asiática,REG,ES,ES,,,,[withheld],108217,4170,233,PT4M48S
video_003014,Min harpas a eliminar a vespa asiática #salveasabelhas #osegredodasabelhas #vespaasiática,eliminar #vespas #máquina #fotografía #ideias #osegredodasabelhas #como #yutube_videos #euclidessantanasantana ...,2024-09-24T00:00:00Z,channel_002850,Vespa_velutina,vespa asiática,REG,ES,ES,,,,[withheld],5070,31,1,PT15S
video_013328,Receita para Vespa Asiática #yutubeshorts #vespaasiática #osegredodasabelhas,Receita para Vespa Asiática #shorts #osegredodasabelhas @euclidessantanasantanada Vespa #receita para #vespa #asiatica ...,2023-06-10T00:00:00Z,channel_002850,Vespa_velutina,vespa asiática,REG,ES,ES,,,,[withheld],4484,101,2,PT16S
video_015694,Como Fazer uma Armadilha para Vespa Asiática,Como Fazer uma Armadilha para Vespa Asiática Assista a mais vídeos do canal: Como fazer rede mosquiteira | Instalei rede ...,2025-01-28T00:00:00Z,channel_001365,Vespa_velutina,vespa asiática,REG,ES,ES,,,,[withheld],1462,9,2,PT3M17S
video_001099,Captura de Vespa Asiática,,2023-10-09T00:00:00Z,channel_006137,Vespa_velutina,vespa asiática,REG,ES,ES,,,,[withheld],15404,188,9,PT12S
video_013882,Ninho de vespa asiática🐝#osegredodasabelhas,Ninho de vespa asiática  #osegredodasabelhas.,2025-07-23T00:00:00Z,channel_002850,Vespa_velutina,vespa asiática,REG,ES,ES,,,,[withheld],2406,16,0,PT16S
video_000689,armadilha para vespa asiática,,2021-08-06T00:00:00Z,channel_001369,Vespa_velutina,vespa asiática,REG,ES,ES,,,,[withheld],14982,266,5,PT20S
video_015244,Vespa Asiática em Ação! Defendendo seu Ninho 🐝✨,,2025-06-04T00:00:00Z,channel_004878,Vespa_velutina,vespa asiática,REG,ES,ES,,,,[withheld],11312,62,0,PT21S
video_004033,"Vespa Asiática, Alcochete 29/10/2021",,2021-10-29T00:00:00Z,channel_003054,Vespa_velutina,vespa asiática,REG,ES,ES,,,,[withheld],943,3,0,PT24S
video_002257,Vespa Asiática Duas Técnicas para se livrar  #yutube_videos #vespaasiática @euclidessantanasantana,Vespa Asiática Duas Técnicas para se livrar dela #osegredodasabelhas #Vespaasiática #técnicas para se livrar dela ...,2021-08-13T00:00:00Z,channel_002850,Vespa_velutina,vespa asiática,REG,ES,ES,,,,[withheld],6133,194,18,PT22M36S
video_010084,Como fica a Vespa Asiática Eletrocutada  #youtubeshorts #osegredodasabelhas #vespaasiática,Como fica a Vespa Asiática Eletrocutada #shorts #osegredodasabelhas #vespaasiática Como Eliminar a Vespa Asiática ...,2023-08-26T00:00:00Z,channel_002850,Vespa_velutina,vespa asiática,REG,ES,ES,,,,[withheld],4544,81,2,PT15S
video_005474,Como Fazer o Tratamento á Vespa  Asiática #yutubeshorts #osegredodasabelhas #vespaasiática,Como Fazer o Tratamento á Vespa Asiática #shorts #osegredodasabelhas #Asiatica #como #fazer #cavalo #Troia #sabe #como ...,2023-08-17T00:00:00Z,channel_002850,Vespa_velutina,vespa asiática,REG,ES,ES,,,,[withheld],4771,63,0,PT15S
video_007912,Combate à vespa asiática em Lisboa 🐝,"Este ano, a equipa da CML já eliminou cerca de 250 ninhos de vespa Volutina ou asiática ou por toda a cidade. ℹ Se for picado ...",2024-10-18T00:00:00Z,channel_002019,Vespa_velutina,vespa asiática,REG,PT,PT,,,,[withheld],2906,29,2,PT1M11S
video_014831,Como fazer uma armadilha para a vespa asiática,,2021-04-06T00:00:00Z,channel_005492,Vespa_velutina,vespa asiática,REG,PT,PT,,,,[withheld],32319,290,0,PT1M29S
video_008444,Vespa asiática: tudo o que precisa de saber sobre a invasão da Europa,"As vespas asiáticas, conhecidas por destruir as populações de abelhas, estão a invadir mais países europeus e a espalhar o ...",2024-12-18T00:00:00Z,channel_002855,Vespa_velutina,vespa asiática,REG,PT,PT,,,,[withheld],1541,13,9,PT1M14S
video_003014,Min harpas a eliminar a vespa asiática #salveasabelhas #osegredodasabelhas #vespaasiática,eliminar #vespas #máquina #fotografía #ideias #osegredodasabelhas #como #yutube_videos #euclidessantanasantana ...,2024-09-24T00:00:00Z,channel_002850,Vespa_velutina,vespa asiática,REG,PT,PT,,,,[withheld],5070,31,1,PT15S
video_002816,Como Reduzir Vespa Asiática,Existem muitas técnicas eu uso este método. Alerta o tratamento aplicado NUNCA deve entrar no apiário. Tratamento: Pipeta de ...,2022-09-19T00:00:00Z,channel_000814,Vespa_velutina,vespa asiática,REG,PT,PT,,,,[withheld],4384,112,24,PT11M46S
video_012162,Vespa Asiática  Método  para a Eliminar #yutubeshorts #vespaasiática #euclidessantanasantana,Asiática mais um dos Métodos Aprovados para a Eliminar #shorts #osegredodasabelhas ...,2022-10-07T00:00:00Z,channel_002850,Vespa_velutina,vespa asiática,REG,PT,PT,,,,[withheld],4030,57,4,PT31S
video_013328,Receita para Vespa Asiática #yutubeshorts #vespaasiática #osegredodasabelhas,Receita para Vespa Asiática #shorts #osegredodasabelhas @euclidessantanasantanada Vespa #receita para #vespa #asiatica ...,2023-06-10T00:00:00Z,channel_002850,Vespa_velutina,vespa asiática,REG,PT,PT,,,,[withheld],4484,101,2,PT16S
video_015694,Como Fazer uma Armadilha para Vespa Asiática,Como Fazer uma Armadilha para Vespa Asiática Assista a mais vídeos do canal: Como fazer rede mosquiteira | Instalei rede ...,2025-01-28T00:00:00Z,channel_001365,Vespa_velutina,vespa asiática,REG,PT,PT,,,,[withheld],1462,9,2,PT3M17S
video_007339,Armadilha para vespa velutina (asiática ),o processo que uso para atrair Vespa Velutina / Vespa Asiática 3 Litros de água 120g de fermento de padeiro 1KG de açúcar.,2020-10-06T00:00:00Z,channel_006666,Vespa_velutina,vespa asiática,REG,PT,PT,,,,[withheld],2219,21,0,PT1M25S
video_002627,La Vespa Asiatica a Catalunya,,2020-11-17T00:00:00Z,channel_006356,Vespa_velutina,vespa asiatica,REG,ES,ES,,,,[withheld],270,2,,PT9M17S
video_013280,ARMADILHA TAMPINHA COM ISCO..PARA  VESPA ASIATICA!,Isco de mosca na tampinha.ESFREGUE PEIXE NA TAMPINHA E VERÁ´VESPA POUSAR NELA.!NEM ESPEREI 5 MINUTOS ...,2016-10-10T00:00:00Z,channel_002245,Vespa_velutina,vespa asiatica,REG,ES,ES,,,,[withheld],5331,19,2,PT20S
video_010397,"VESPA ASIATICA   ,RECEITA MELHORADA # 25% DE CADA PRODUTO : ACUCAR,CERVEJA,VINHO,GROSELHA...!",,2021-09-01T00:00:00Z,channel_002245,Vespa_velutina,vespa asiatica,REG,ES,ES,,,,[withheld],392,9,0,PT27S
video_002277,"👍armadilha vespa asiatica aditivo cerveija preta,açucar,vinho branco,o por so groselha",,2022-09-18T00:00:00Z,channel_009020,Vespa_velutina,vespa asiatica,REG,ES,ES,,,,[withheld],462,15,2,PT1M1S
video_007703,vespa asiatica,"Guifões, Matosinhos 2014.09.07.",2014-09-07T00:00:00Z,channel_008540,Vespa_velutina,vespa asiatica,REG,ES,ES,,,,[withheld],638,2,0,PT2M19S
video_016918,Vespa asiatica cazando,,2014-08-04T00:00:00Z,channel_006669,Vespa_velutina,vespa asiatica,REG,ES,ES,,,,[withheld],556,1,0,PT1M19S
video_014274,VESPA ASIATICA EM PERIGO #youtubeshorts #osegredodasabelhas #asiática,Acabar com vespa asiática em Portugal “vai ser impossível” VESPA ASIATICA EM PERIGO #youtubeshorts #shorts #asiática ...,2023-09-02T00:00:00Z,channel_002850,Vespa_velutina,vespa asiatica,REG,ES,ES,,,,[withheld],2658,52,0,PT5S
video_002627,La Vespa Asiatica a Catalunya,,2020-11-17T00:00:00Z,channel_006356,Vespa_velutina,vespa asiatica,REG,PT,PT,,,,[withheld],270,2,,PT9M17S
video_010397,"VESPA ASIATICA   ,RECEITA MELHORADA # 25% DE CADA PRODUTO : ACUCAR,CERVEJA,VINHO,GROSELHA...!",,2021-09-01T00:00:00Z,channel_002245,Vespa_velutina,vespa asiatica,REG,PT,PT,,,,[withheld],392,9,0,PT27S
video_003452,VESPA ASIATICA Sabe como Fazer uma  Min  Harpa  #yutubeshorts #euclidessantanasantana #vespaasiática,VESPA ASIATICA Sabe como Fazer uma Min Harpa #shorts #euclidessantanasantana #osegredodasabelhas#VESPAASIATICA ...,2023-01-19T00:00:00Z,channel_002850,Vespa_velutina,vespa asiatica,REG,PT,PT,,,,[withheld],6559,67,1,PT15S
video_006871,"👍 vespa asiatica armadilha.para aditivo usar cerveja preta,açucar,vinho branco.o so groselha",,2021-03-20T00:00:00Z,channel_009020,Vespa_velutina,vespa asiatica,REG,PT,PT,,,,[withheld],939,10,2,PT1M38S
video_005202,VESPA ASIATICA  Fazer uma  Min  Harpa -Parte 1#yutube_videos #vespaasiática @euclidessantanasantana,VESPA ASIATICA Sabe como Fazer uma Min Harpa.. Parte 1 #osegredodasabelhas #VESPAASIATICA ...,2022-07-02T00:00:00Z,channel_002850,Vespa_velutina,vespa asiatica,REG,PT,PT,,,,[withheld],5784,103,10,PT14M6S
video_002849,VESPA ASIATICA ^ELIMINADO^ =BJ APICULTURA=,"Olá a todos Nós somos o Bruno dias e o Julio Silva Vamos apresentar vários vídeos de apicultura, em breve mais detalhados !",2019-07-04T00:00:00Z,channel_001080,Vespa_velutina,vespa asiatica,REG,PT,PT,,,,[withheld],334,7,1,PT3M7S
video_016918,Vespa asiatica cazando,,2014-08-04T00:00:00Z,channel_006669,Vespa_velutina,vespa asiatica,REG,PT,PT,,,,[withheld],556,1,0,PT1M19S
video_008053,🦜🐣👉Reproducción del Loro Gris o Yaco (Psittacus erithacus),El loro gris o yaco es una de las mascotas favoritas entre el público aficionado a los loros por su innata facilidad para reproducir ...,2024-03-14T00:00:00Z,channel_004740,Psittacus_erithacus,Psittacus erithacus,REG,ES,ES,,,,[withheld],8471,164,22,PT13M45S
video_005260,"loro yaco (Psittacus erithacus)  loro gris o loro gris africano,#loroyacodarko",Conviértete en miembro de este canal para disfrutar de ventajas: ...,2024-10-04T00:00:00Z,channel_004740,Psittacus_erithacus,Psittacus erithacus,REG,ES,ES,,,,[withheld],16178,162,1,PT11S
video_012945,"loro gris o loro gris africano,   loro yaco (Psittacus erithacus)#loroyacodarko",Conviértete en miembro de este canal para disfrutar de ventajas: ...,2024-10-06T00:00:00Z,channel_004740,Psittacus_erithacus,Psittacus erithacus,REG,ES,ES,,,,[withheld],1196,34,0,PT13S
video_010595,"loro gris o loro gris africano,  loro yaco (Psittacus erithacus) #loroyacodarko",Conviértete en miembro de este canal para disfrutar de ventajas: ...,2025-01-06T00:00:00Z,channel_004740,Psittacus_erithacus,Psittacus erithacus,REG,ES,ES,,,,[withheld],424,14,0,PT12S
video_006623,"loro gris o loro gris africano, loro yaco (Psittacus erithacus) #loroyacodarko",Conviértete en miembro de este canal para disfrutar de ventajas: ...,2024-10-03T00:00:00Z,channel_004740,Psittacus_erithacus,Psittacus erithacus,REG,ES,ES,,,,[withheld],2255,73,0,PT10S
video_012469,"loro gris o loro gris africano,  loro yaco (Psittacus erithacus)",Conviértete en miembro de este canal para disfrutar de ventajas: ...,2025-03-29T00:00:00Z,channel_004740,Psittacus_erithacus,Psittacus erithacus,REG,ES,ES,,,,[withheld],4986,142,0,PT7S
video_000290,"loro gris o loro gris africano,loro yaco (Psittacus erithacus)#loroyacodarko",Conviértete en miembro de este canal para disfrutar de ventajas: ...,2024-11-25T00:00:00Z,channel_004740,Psittacus_erithacus,Psittacus erithacus,REG,ES,ES,,,,[withheld],1452,28,2,PT5S
video_013282,"loro gris o loro gris africano,loro yaco (Psittacus erithacus)#loroyacodarko",Conviértete en miembro de este canal para disfrutar de ventajas: ...,2024-11-25T00:00:00Z,channel_004740,Psittacus_erithacus,Psittacus erithacus,REG,ES,ES,,,,[withheld],1176,38,3,PT11S
video_012502,African Greyparrot - Graupapagei (Psittacus erithacus),"The African Greyparrot ( Psittacus erithacus ) is one of the most known parrot species on earth. In this video, you see my pair of ...",2021-01-14T00:00:00Z,channel_008191,Psittacus_erithacus,Psittacus erithacus,REG,ES,ES,,,,[withheld],18682,222,20,PT6M34S
video_007721,"loro gris o loro gris africano, loro yaco (Psittacus erithacus) #loroyacodarko",Conviértete en miembro de este canal para disfrutar de ventajas: ...,2025-01-27T00:00:00Z,channel_004740,Psittacus_erithacus,Psittacus erithacus,REG,ES,ES,,,,[withheld],320,6,0,PT12S
video_013818,loro yaco (Psittacus erithacus) #loroyacodarko,Conviértete en miembro de este canal para disfrutar de ventajas: ...,2024-10-20T00:00:00Z,channel_004740,Psittacus_erithacus,Psittacus erithacus,REG,ES,ES,,,,[withheld],2512,58,2,PT6S
video_009776,"loro gris o loro gris africano,  loro yaco (Psittacus erithacus)#loroyacodarko",Conviértete en miembro de este canal para disfrutar de ventajas: ...,2025-08-13T00:00:00Z,channel_004740,Psittacus_erithacus,Psittacus erithacus,REG,ES,ES,,,,[withheld],1082,18,0,PT25S
video_011564,"African grey parrot (Psittacus erithacus), very intelligent bird. #birds #parrot #pets #animals","Why Do Parrots Fluff Up Their Feathers? There are several reasons why parrots may fluff up their feathers, also known as “puffing ...",2024-11-09T00:00:00Z,channel_003575,Psittacus_erithacus,Psittacus erithacus,REG,ES,ES,,,,[withheld],481,,0,PT22S
video_015924,loro yaco (Psittacus erithacus) #loroyacodarko,Conviértete en miembro de este canal para disfrutar de ventajas: ...,2024-09-30T00:00:00Z,channel_004740,Psittacus_erithacus,Psittacus erithacus,REG,ES,ES,,,,[withheld],1101,57,1,PT11S
video_016736,"loro yaco (Psittacus erithacus) loro gris o loro gris africano,",Conviértete en miembro de este canal para disfrutar de ventajas: ...,2024-12-06T00:00:00Z,channel_004740,Psittacus_erithacus,Psittacus erithacus,REG,ES,ES,,,,[withheld],285,19,4,PT8S
video_003705,"Alex, o papagaio inteligente. (Psittacus erithacus)",,2017-06-12T00:00:00Z,channel_001529,Psittacus_erithacus,Psittacus erithacus,REG,PT,PT,,,,[withheld],61488,2630,126,PT3M49S
video_005518,10 interesting facts about Gray Parrot (Psittacus erithacus),List of the this monogamous birds.,2024-06-17T00:00:00Z,channel_008264,Psittacus_erithacus,Psittacus erithacus,REG,PT,PT,,,,[withheld],12,0,0,PT3M8S
video_008053,🦜🐣👉Reproducción del Loro Gris o Yaco (Psittacus erithacus),El loro gris o yaco es una de las mascotas favoritas entre el público aficionado a los loros por su innata facilidad para reproducir ...,2024-03-14T00:00:00Z,channel_004740,Psittacus_erithacus,Psittacus erithacus,REG,PT,PT,,,,[withheld],8471,164,22,PT13M45S
video_011564,"African grey parrot (Psittacus erithacus), very intelligent bird. #birds #parrot #pets #animals","Why Do Parrots Fluff Up Their Feathers? There are several reasons why parrots may fluff up their feathers, also known as “puffing ...",2024-11-09T00:00:00Z,channel_003575,Psittacus_erithacus,Psittacus erithacus,REG,PT,PT,,,,[withheld],481,,0,PT22S
video_012502,African Greyparrot - Graupapagei (Psittacus erithacus),"The African Greyparrot ( Psittacus erithacus ) is one of the most known parrot species on earth. In this video, you see my pair of ...",2021-01-14T00:00:00Z,channel_008191,Psittacus_erithacus,Psittacus erithacus,REG,PT,PT,,,,[withheld],18682,222,20,PT6M34S
video_013986,Grey Parrot [Psittacus Erithacus],"In this video, we learn about the grey parrot. QUICK FACTS: • Lifespan: Max 23 years (wild); Up to 60 years (captivity) • Length: 13 ...",2021-10-06T00:00:00Z,channel_000998,Psittacus_erithacus,Psittacus erithacus,REG,PT,PT,,,,[withheld],1529,9,1,PT2M1S
video_005533,African Grey parrot.Psittacus erithacus.. #birds . #wildlife.(,,2023-11-28T00:00:00Z,channel_008257,Psittacus_erithacus,Psittacus erithacus,REG,PT,PT,,,,[withheld],2563,82,0,PT10S
video_005260,"loro yaco (Psittacus erithacus)  loro gris o loro gris africano,#loroyacodarko",Conviértete en miembro de este canal para disfrutar de ventajas: ...,2024-10-04T00:00:00Z,channel_004740,Psittacus_erithacus,Psittacus erithacus,REG,PT,PT,,,,[withheld],16178,162,1,PT11S
video_015924,loro yaco (Psittacus erithacus) #loroyacodarko,Conviértete en miembro de este canal para disfrutar de ventajas: ...,2024-09-30T00:00:00Z,channel_004740,Psittacus_erithacus,Psittacus erithacus,REG,PT,PT,,,,[withheld],1101,57,1,PT11S
video_005956,grey parrot (Psittacus erithacus),The African grey parrot (Psittacus erithacus) is an Old World parrot in the family Psittacidae. This article describes the Congo ...,2017-01-10T00:00:00Z,channel_008792,Psittacus_erithacus,Psittacus erithacus,REG,PT,PT,,,,[withheld],161,9,0,PT29S
video_012945,"loro gris o loro gris africano,   loro yaco (Psittacus erithacus)#loroyacodarko",Conviértete en miembro de este canal para disfrutar de ventajas: ...,2024-10-06T00:00:00Z,channel_004740,Psittacus_erithacus,Psittacus erithacus,REG,PT,PT,,,,[withheld],1196,34,0,PT13S
video_014395,Are Psittacus Erithacus Really the Smartest Birds on Earth? #parrot #facts,"Meet the African Grey Parrot – The Einstein of the Bird World! Discover the incredible intelligence of Psittacus erithacus, the ...",2025-05-23T00:00:00Z,channel_007173,Psittacus_erithacus,Psittacus erithacus,REG,PT,PT,,,,[withheld],1241,42,0,PT1M34S
video_000511,African Grey Parrot (Psittacus erithacus),"Am I lucky or what, to have this in my garden. Love to see him munch on that yummy palm nut.",2021-03-19T00:00:00Z,channel_001880,Psittacus_erithacus,Psittacus erithacus,REG,PT,PT,,,,[withheld],247,2,0,PT50S
video_010595,"loro gris o loro gris africano,  loro yaco (Psittacus erithacus) #loroyacodarko",Conviértete en miembro de este canal para disfrutar de ventajas: ...,2025-01-06T00:00:00Z,channel_004740,Psittacus_erithacus,Psittacus erithacus,REG,PT,PT,,,,[withheld],424,14,0,PT12S
video_001330,LORO YACO HABLANDO - Loro Gris Africano el mejor hablador 🐦🗣️,"Conoce como imita el Loro Yaco la voz de personas, gatos, caballos, vacas y hasta ladridos de perros. Es considerado el Mejor ...",2021-10-26T00:00:00Z,channel_005482,Psittacus_erithacus,loro gris africano,REG,ES,ES,,,,[withheld],98352,1816,129,PT5M12S
video_009611,"AVES - Todo sobre el Yaco, el loro gris africano. El loro más elegante.🦜",REGALO BIENVENIDA 20% de DESCUENTO ▻ Únete Ahora al Club Cunipic regalo-de-bienvenida Además recibirás: Trucos ...,2015-10-07T00:00:00Z,channel_002013,Psittacus_erithacus,loro gris africano,REG,ES,ES,,,,[withheld],373661,4152,11,PT6M51S
video_005461,10 cosas que tienes que saber antes de traer un YACO a casa (loro gris africano de cola roja),"Si te planteas tener un yaco (loro gris africano de cola roja) como animal de compañía, es importante que antes veas este vídeo ...",2024-11-03T00:00:00Z,channel_004994,Psittacus_erithacus,loro gris africano,REG,ES,ES,,,,[withheld],46031,1121,86,PT12M1S
video_005705,Descubriendo la Inteligencia del Loro Gris Africano I Mundo Animal | Orígenes,"Se cree que el loro gris africano es una de las especies más inteligentes del planeta, rivalizando incluso con los simios. Algunos ...",2023-04-13T00:00:00Z,channel_005937,Psittacus_erithacus,loro gris africano,REG,ES,ES,,,,[withheld],36216,445,33,PT23M11S
video_007226,Loro Gris Africano 🦜| El ave MÁS inteligente del mundo 😲,Sabías que el loro gris africano es considerado una de las aves más inteligentes del planeta? En este video te cuento todo ...,2026-01-02T00:00:00Z,channel_009145,Psittacus_erithacus,loro gris africano,REG,ES,ES,,,,[withheld],861,29,4,PT4M43S
video_010749,"LORO GRIS , YACO. SONIDOS PARA LLAMAR , IMITAR, RELAJAR. EL MEJOR",en este video os traemos el sonido del loro gris africano también conocido como yaco . un sonido original que os valdrá para ...,2021-09-29T00:00:00Z,channel_004740,Psittacus_erithacus,loro gris africano,REG,ES,ES,,,,[withheld],89227,414,14,PT59M57S
video_000166,🦜&quot;LORO GRIS AFRICANO&quot; #curiosidades #naturaleza #animales #aves #mascota #datoscuriosos #shorts,Descubre las ASOMBROSAS Curiosidades de los LOROS GRIS AFRICANO en este IMPERDIBLE video de YouTube!,2023-11-19T00:00:00Z,channel_005561,Psittacus_erithacus,loro gris africano,REG,ES,ES,,,,[withheld],696,12,0,PT57S
video_002518,"Reproducción del loro gris africano, Yaco",Video de Hector.,2022-07-16T00:00:00Z,channel_001010,Psittacus_erithacus,loro gris africano,REG,ES,ES,,,,[withheld],6576,101,4,PT19S
video_009250,"LORO GRIS , YACO. SONIDOS PARA LLAMAR , IMITAR, RELAJAR. EL MEJOR",en este video os traemos el sonido del loro gris africano también conocido como yaco . un sonido original que os valdrá para ...,2022-08-30T00:00:00Z,channel_004740,Psittacus_erithacus,loro gris africano,REG,ES,ES,,,,[withheld],36983,185,4,PT1H4M14S
video_006383,Alex el Loro Inteligente 🦜  #animales #loro #birds,"Te presentamos a Alex, el loro gris africano. Esta revolucionaria ave fue el colega y objeto de estudio de la Dra. Irene Pepperberg ...",2023-08-22T00:00:00Z,channel_009373,Psittacus_erithacus,loro gris africano,REG,ES,ES,,,,[withheld],14292,609,6,PT39S
video_015420,"Loro gris africano , cantos , sonidos  ,Parrots , Grey parrot . Sound","Cantos y sonidos del loro gris africano , También conocido como yaco , un gran entretenimiento para tu loro para imitar .",2024-01-23T00:00:00Z,channel_004740,Psittacus_erithacus,loro gris africano,REG,ES,ES,,,,[withheld],12417,68,0,PT1H5M17S
video_013903,Aves exóticas Loro Gris africano o Yaco !,Descubre el fascinante mundo del Loro Gris en este documental presentado por Malena Sosa! Este video sumerge en la ...,2024-01-26T00:00:00Z,channel_007767,Psittacus_erithacus,loro gris africano,REG,ES,ES,,,,[withheld],3550,90,4,PT6M11S
video_001330,LORO YACO HABLANDO - Loro Gris Africano el mejor hablador 🐦🗣️,"Conoce como imita el Loro Yaco la voz de personas, gatos, caballos, vacas y hasta ladridos de perros. Es considerado el Mejor ...",2021-10-26T00:00:00Z,channel_005482,Psittacus_erithacus,loro gris africano,REG,PT,PT,,,,[withheld],98352,1816,129,PT5M12S
video_009611,"AVES - Todo sobre el Yaco, el loro gris africano. El loro más elegante.🦜",REGALO BIENVENIDA 20% de DESCUENTO ▻ Únete Ahora al Club Cunipic regalo-de-bienvenida Además recibirás: Trucos ...,2015-10-07T00:00:00Z,channel_002013,Psittacus_erithacus,loro gris africano,REG,PT,PT,,,,[withheld],373661,4152,11,PT6M51S
video_005705,Descubriendo la Inteligencia del Loro Gris Africano I Mundo Animal | Orígenes,"Se cree que el loro gris africano es una de las especies más inteligentes del planeta, rivalizando incluso con los simios. Algunos ...",2023-04-13T00:00:00Z,channel_005937,Psittacus_erithacus,loro gris africano,REG,PT,PT,,,,[withheld],36216,445,33,PT23M11S
video_005461,10 cosas que tienes que saber antes de traer un YACO a casa (loro gris africano de cola roja),"Si te planteas tener un yaco (loro gris africano de cola roja) como animal de compañía, es importante que antes veas este vídeo ...",2024-11-03T00:00:00Z,channel_004994,Psittacus_erithacus,loro gris africano,REG,PT,PT,,,,[withheld],46031,1121,86,PT12M1S
video_007226,Loro Gris Africano 🦜| El ave MÁS inteligente del mundo 😲,Sabías que el loro gris africano es considerado una de las aves más inteligentes del planeta? En este video te cuento todo ...,2026-01-02T00:00:00Z,channel_009145,Psittacus_erithacus,loro gris africano,REG,PT,PT,,,,[withheld],861,29,4,PT4M43S
video_010749,"LORO GRIS , YACO. SONIDOS PARA LLAMAR , IMITAR, RELAJAR. EL MEJOR",en este video os traemos el sonido del loro gris africano también conocido como yaco . un sonido original que os valdrá para ...,2021-09-29T00:00:00Z,channel_004740,Psittacus_erithacus,loro gris africano,REG,PT,PT,,,,[withheld],89227,414,14,PT59M57S
video_014530,Loro Gris Africano 2016,"Loro Gris Africano 2016 5 meses de edad Guadalajara, Jalisco, México.",2016-09-24T00:00:00Z,channel_000436,Psittacus_erithacus,loro gris africano,REG,PT,PT,,,,[withheld],52189,647,5,PT14S
video_000166,🦜&quot;LORO GRIS AFRICANO&quot; #curiosidades #naturaleza #animales #aves #mascota #datoscuriosos #shorts,Descubre las ASOMBROSAS Curiosidades de los LOROS GRIS AFRICANO en este IMPERDIBLE video de YouTube!,2023-11-19T00:00:00Z,channel_005561,Psittacus_erithacus,loro gris africano,REG,PT,PT,,,,[withheld],696,12,0,PT57S
video_002518,"Reproducción del loro gris africano, Yaco",Video de Hector.,2022-07-16T00:00:00Z,channel_001010,Psittacus_erithacus,loro gris africano,REG,PT,PT,,,,[withheld],6576,101,4,PT19S
video_009250,"LORO GRIS , YACO. SONIDOS PARA LLAMAR , IMITAR, RELAJAR. EL MEJOR",en este video os traemos el sonido del loro gris africano también conocido como yaco . un sonido original que os valdrá para ...,2022-08-30T00:00:00Z,channel_004740,Psittacus_erithacus,loro gris africano,REG,PT,PT,,,,[withheld],36983,185,4,PT1H4M14S
video_005260,"loro yaco (Psittacus erithacus)  loro gris o loro gris africano,#loroyacodarko",Conviértete en miembro de este canal para disfrutar de ventajas: ...,2024-10-04T00:00:00Z,channel_004740,Psittacus_erithacus,loro gris africano,REG,PT,PT,,,,[withheld],16178,162,1,PT11S
video_014204,La ESTAFA del HERMOSO LORO GRIS AFRICANO DE COLA ROJA.,MUY IMPORTANTE: no adoptes un loro por internet o te puede pasar esto. Reportaje emitido en el Caiga Quien Caiga de ...,2025-01-20T00:00:00Z,channel_007339,Psittacus_erithacus,loro gris africano,REG,PT,PT,,,,[withheld],244266,14528,393,PT8M48S
video_012145,"LORO GRIS , YACO. SONIDOS PARA LLAMAR , IMITAR, RELAJAR.",en este video os traemos el sonido del loro gris africano también conocido como yaco . un sonido original que os valdrá para ...,2023-06-03T00:00:00Z,channel_004740,Psittacus_erithacus,loro gris africano,REG,PT,PT,,,,[withheld],26830,90,2,PT59M57S
video_012342,"Loro gris o loro gris africano, loro yaco (Psittacus erithacus) #loroyacodarko",Conviértete en miembro de este canal para disfrutar de ventajas: ...,2024-10-05T00:00:00Z,channel_004740,Psittacus_erithacus,loro gris africano,REG,PT,PT,,,,[withheld],2170,69,5,PT12S
video_006383,Alex el Loro Inteligente 🦜  #animales #loro #birds,"Te presentamos a Alex, el loro gris africano. Esta revolucionaria ave fue el colega y objeto de estudio de la Dra. Irene Pepperberg ...",2023-08-22T00:00:00Z,channel_009373,Psittacus_erithacus,loro gris africano,REG,PT,PT,,,,[withheld],14292,609,6,PT39S
video_013371,Viva o Porto! - Papagaio Cinzento com cauda Vermelha,Papagaio Cinzento cauda vermelha - Psittacus erithacus Nome do papagaio: Óscar Piruças Viva o Porto!,2018-09-12T00:00:00Z,channel_005830,Psittacus_erithacus,papagaio cinzento,REG,ES,ES,,,,[withheld],13400,178,3,PT8S
video_003404,Papagaio do Congo ou Papagaio cinzento#shorts,"O papagaio-cinzento (Psittacus erithacus), também conhecido como papagaio-do-congo ou papagaio-do-gabão, é um papagaio ...",2023-08-28T00:00:00Z,channel_001602,Psittacus_erithacus,papagaio cinzento,REG,ES,ES,,,,[withheld],55129,858,9,PT12S
video_004085,Papagaio Cinzento Falando,,2024-08-12T00:00:00Z,channel_008102,Psittacus_erithacus,papagaio cinzento,REG,ES,ES,,,,[withheld],2847,15,0,PT12S
video_009126,PAPAGAIO CINZENTO: dicas de maneio e criação com Bruno Soares,"Neste episódio especial do ""Entre Asas e Criadores"", visito o criador de aves Bruno Soares, e damos início a uma nova dinâmica.",2025-09-21T00:00:00Z,channel_000962,Psittacus_erithacus,papagaio cinzento,REG,ES,ES,,,,[withheld],4604,205,12,PT15M35S
video_006845,CANTO DO PAPAGAIO CINZENTO  - GRAY PARROT SINGING,"CANTO DO PAPAGAIO CINZENTO - GRAY PARROT SINGING ❤️Para Ver os melhores Cantos de Pássaros, Pássaros ...",2023-06-09T00:00:00Z,channel_001606,Psittacus_erithacus,papagaio cinzento,REG,ES,ES,,,,[withheld],4170,37,0,PT10M12S
video_006106,Papagaio Cinzento Cauda Vermelha Bébé! - criado à mão,Baby grey Parrot with only 3 months - Handfeeding.,2016-02-21T00:00:00Z,channel_005693,Psittacus_erithacus,papagaio cinzento,REG,ES,ES,,,,[withheld],2759,19,0,PT27S
video_007539,"Nina, papagaio cinzento, brinca com menina",Parrot and a children.,2016-10-22T00:00:00Z,channel_005032,Psittacus_erithacus,papagaio cinzento,REG,ES,ES,,,,[withheld],736,3,1,PT1M16S
video_002701,Papagaio cinzento,,2023-05-02T00:00:00Z,channel_000952,Psittacus_erithacus,papagaio cinzento,REG,ES,ES,,,,[withheld],582,10,0,PT30S
video_016976,Poatan ou Gane? Papagaio Cinzento fez a previsão! UFC Casa Branca,,2026-06-11T00:00:00Z,channel_002333,Psittacus_erithacus,papagaio cinzento,REG,ES,ES,,,,[withheld],11604,540,35,PT19S
video_011431,Papagaio do Congo / Papagaio Cinzento  criado a mão,,2022-02-05T00:00:00Z,channel_001670,Psittacus_erithacus,papagaio cinzento,REG,ES,ES,,,,[withheld],1394,44,2,PT36S
video_003404,Papagaio do Congo ou Papagaio cinzento#shorts,"O papagaio-cinzento (Psittacus erithacus), também conhecido como papagaio-do-congo ou papagaio-do-gabão, é um papagaio ...",2023-08-28T00:00:00Z,channel_001602,Psittacus_erithacus,papagaio cinzento,REG,PT,PT,,,,[withheld],55129,858,9,PT12S
video_001866,Papagaio cinzento: curiosidades e fatos sobre essa ave inteligente!,"Este vídeo apresenta curiosidades e fatos interessantes sobre o papagaio cinzento, uma das aves mais inteligentes do mundo.",2023-03-05T00:00:00Z,channel_001586,Psittacus_erithacus,papagaio cinzento,REG,PT,PT,,,,[withheld],1936,79,6,PT7M41S
video_006845,CANTO DO PAPAGAIO CINZENTO  - GRAY PARROT SINGING,"CANTO DO PAPAGAIO CINZENTO - GRAY PARROT SINGING ❤️Para Ver os melhores Cantos de Pássaros, Pássaros ...",2023-06-09T00:00:00Z,channel_001606,Psittacus_erithacus,papagaio cinzento,REG,PT,PT,,,,[withheld],4170,37,0,PT10M12S
video_006107,Papagaio do Congo - Imitando animais,"Olá! Essa é a Khaleesi, um papagaio do Congo (papagaio cinzento, African Grey) imitando alguns animais. Essas aves são muito ...",2020-01-08T00:00:00Z,channel_001584,Psittacus_erithacus,papagaio cinzento,REG,PT,PT,,,,[withheld],173761,11254,79,PT34S
video_006106,Papagaio Cinzento Cauda Vermelha Bébé! - criado à mão,Baby grey Parrot with only 3 months - Handfeeding.,2016-02-21T00:00:00Z,channel_005693,Psittacus_erithacus,papagaio cinzento,REG,PT,PT,,,,[withheld],2759,19,0,PT27S
video_007539,"Nina, papagaio cinzento, brinca com menina",Parrot and a children.,2016-10-22T00:00:00Z,channel_005032,Psittacus_erithacus,papagaio cinzento,REG,PT,PT,,,,[withheld],736,3,1,PT1M16S
video_016976,Poatan ou Gane? Papagaio Cinzento fez a previsão! UFC Casa Branca,,2026-06-11T00:00:00Z,channel_002333,Psittacus_erithacus,papagaio cinzento,REG,PT,PT,,,,[withheld],11604,540,35,PT19S
